Sports	Sports	URL::sports_unifaction_com	
ActionSports	Action Sports	URL::actionsports_unifaction_com	
BMX	BMX	URL::actionsports_unifaction_com() . "/BMX"	
BASEJumping	BASE jumping	URL::actionsports_unifaction_com() . "/BASEJumping"	
CaveDiving	Cave diving	URL::actionsports_unifaction_com() . "/CaveDiving"	
Caving	Caving	URL::actionsports_unifaction_com() . "/Caving"	
Freediving	Freediving	URL::actionsports_unifaction_com() . "/Freediving"	
Freeflying	Freeflying	URL::actionsports_unifaction_com() . "/Freeflying"	
FreestyleScootering	Freestyle scootering	URL::actionsports_unifaction_com() . "/FreestyleScootering"	
Freeskiing	Freeskiing	URL::actionsports_unifaction_com() . "/Freeskiing"	
HangGliding	Hang gliding	URL::actionsports_unifaction_com() . "/HangGliding	
IceClimbing	Ice climbing	URL::actionsports_unifaction_com() . "/IceClimbing"	
IceCanoeing	Ice canoeing	URL::actionsports_unifaction_com() . "/IceCanoeing"	
Kitesurfing	Kitesurfing	URL::actionsports_unifaction_com() . "/Kitesurfing"	
LandWindsurfing	Land windsurfing	URL::actionsports_unifaction_com() . "/LandWindsurfing"	
Longboarding	Longboarding	URL::actionsports_unifaction_com() . "/Longboarding"	
Motocross	Motocross	URL::actionsports_unifaction_com() . "/Motorcross"	
MountainBiking	Mountain biking	URL::actionsports_unifaction_com() . "/MountainBiking"	
MountainBoarding	Mountain boarding	URL::actionsports_unifaction_com() . "/MountianBoarding"	
Paintballing	Paintballing	URL::actionsports_unifaction_com() . "/Paintballing"	
Paragliding	Paragliding	URL::actionsports_unifaction_com() . "/Paragliding"	
Parkour	Parkour	URL::actionsports_unifaction_com() . "/Parkour"	
RallyRacing	Rally racing	URL::actionsports_unifaction_com() . "/RallyRacing:	
Rafting	Rafting	URL::actionsports_unifaction_com() . "/Rafting"	
RockClimbing	Rock climbing	URL::actionsports_unifaction_com() . "/RockClimbing"	
Sandboarding	Sandboarding	URL::actionsports_unifaction_com() . "/Sandboarding"	
ScubaDiving	Scuba diving	URL::actionsports_unifaction_com() . "/ScubaDiving"	
Skateboarding	Skateboarding	URL::actionsports_unifaction_com() . "/Skateboarding"	
Skydiving	Skydiving	URL::actionsports_unifaction_com() . "/Skydiving"	
Skimboarding	Skimboarding	URL::actionsports_unifaction_com() . "/Skimboarding"	
Snowboarding	Snowboarding	URL::actionsports_unifaction_com() . "/Snowboarding"	
Snowmobiling	Snowmobiling	URL::actionsports_unifaction_com() . "/Snowmobiling"	
Snowskating	Snowskating	URL::actionsports_unifaction_com() . "/Snowskating"	
Skiing	Skiing	URL::actionsports_unifaction_com() . "/Skiing"	
StreetLuging	Street luging	URL::actionsports_unifaction_com() . "/StreetLuging"	
Surfing	Surfing	URL::actionsports_unifaction_com() . "/Surfing"	
Wakeboarding	Wakeboarding	URL::actionsports_unifaction_com() . "/Wakeboarding"	
Waterskiing	Waterskiing	URL::actionsports_unifaction_com() . "/Waterskiing"	
Waveski	Waveski	URL::actionsports_unifaction_com() . "/Waveskiing"	
WhitewaterKayaking	Whitewater kayaking	URL::actionsports_unifaction_com() . "/WhitewaterKayaking"	
Windsurfing	Windsurfing	URL::actionsports_unifaction_com() . "/Windsurfing"	
WingsuitFlying	Wingsuit flying	URL::actionsports_unifaction_com() . "/WingsuitFlying"	
Xpogoing	Xpogoing	URL::actionsports_unifaction_com() . "/Xpogoing"	
			
Baseball	Baseball	URL::baseball_unifaction_com	
MLB	Major League Baseball	URL::mlb_unifaction_com	
AmericanLeague	American League	URL::mlb_unifaction_com() . "/AmericanLeague"	
#BALOrioles	Baltimore Orioles	URL::nfl_unifaction_com() . "/BALOrioles"	
#RedSox	Boston Red Sox	URL::nfl_unifaction_com() . "/RedSox"	
#WhiteSox	Chicago White Sox	URL::nfl_unifaction_com() . "/WhiteSox"	
#ClevelandIndians	Cleveland Indians	URL::nfl_unifaction_com() . "/ClevelandIndians"	
#DetroitTigers	Detroit Tigers	URL::nfl_unifaction_com() . "/DetroitTigers"	
#HOUAstros	Houston Astros	URL::nfl_unifaction_com() . "/HOUAstros"	
#KCRoyals	Kansas City Royals	URL::nfl_unifaction_com() . "/KCRoyals"	
#LAAngels	Los Angeles Angels	URL::nfl_unifaction_com() . "/LAAngles"	
#MNTwins	Minnesota Twins	URL::nfl_unifaction_com() . "/MNTwins"	
#NYYankees	New York Yankees	URL::nfl_unifaction_com() . "/NYYankees"	
#OAKAthletics	Oakland Athletics	URL::nfl_unifaction_com() . "/OAKAthletics"	
#SeattleMariners	Seattle Mariners	URL::nfl_unifaction_com() . "/SeattleMariners"	
#TBRays	Tampa Bay Rays	URL::nfl_unifaction_com() . "/TBRays"	
#TXRangers	Texas Rangers	URL::nfl_unifaction_com() . "/TXRangers"	
#TORBlueJays	Toronto Blue Jays	URL::nfl_unifaction_com() . "/TORBlueJays"	
NationalLeague	National League	URL::mlb_unifaction_com() . "/NationalLeague"	
#AZDiamondbacks	Arizona Diamondbacks	URL::nfl_unifaction_com() . "/AZDiamondbacks"	
#ATLBraves	Atlanta Braves	URL::nfl_unifaction_com() . "/ATLBraves"	
#ChicagoCubs	Chicago Cubs	URL::nfl_unifaction_com() . "/ChicagoCubs"	
#CINReds	Cincinnati Reds	URL::nfl_unifaction_com() . "/CINReds"	
#CORockies	Colorado Rockies	URL::nfl_unifaction_com() . "/CORockies"	
#LADodgers	Los Angeles Dodgers	URL::nfl_unifaction_com() . "/LADodgers"	
#MiamiMarlins	Miami Marlins	URL::nfl_unifaction_com() . "/MiamiMarlins"	
#MKEBrewers	Milwaukee Brewers	URL::nfl_unifaction_com() . "/MKEBrewers"	
#NYMets	New York Mets	URL::nfl_unifaction_com() . "/NYMets"	
#PHIPhillies	Philadelphia Phillies	URL::nfl_unifaction_com() . "/PHIPhillies"	
#PITTPirates	Pittsburgh Pirates	URL::nfl_unifaction_com() . "/PITTPirates"	
#SDPadres	San Diego Padres	URL::nfl_unifaction_com() . "/SDPadres"	
#SFGiants	San Francisco Giants	URL::nfl_unifaction_com() . "/SFGiants"	
#STLCardinals	St. Louis Cardinals	URL::nfl_unifaction_com() . "/STLCardinals"	
#WASNationals	Washington Nationals	URL::nfl_unifaction_com() . "/WASNationals"	
NCAAB	NCAA Baseball	URL::ncaab_unifaction_com	
			
Basketball	Basketball	URL::basketball_unifaction_com	
NBA	Nantional Basketball Association	URL::nba_unifaction_com	
NBAEasternConf	NBA Eastern Conference	URL::nba_unifaction_com() . "/NBAEasternConf"	
#ATLHawks	Atlanta Hawks	URL::nba_unifaction_com() . "/ATLHawks"	
#BOSCeltics	Boston Celtics	URL::nba_unifaction_com() . "/BOSCeltics"	
#BKYNets	Brooklyn Nets	URL::nba_unifaction_com() . "/BKYNets"	
#CHAHornets	Charlotte Hornets	URL::nba_unifaction_com() . "/CHAHornets"	
#CHIBulls	Chicago Bulls	URL::nba_unifaction_com() . "/CHIBulls"	
#CLECavaliers	Cleveland Cavaliers	URL::nba_unifaction_com() . "/CLECavaliers"	
#DETPistons	Detroit Pistons	URL::nba_unifaction_com() . "/DETPistons"	
#INDPacers	Indiana Pacers	URL::nba_unifaction_com() . "/INDPacers"	
#MIAHeat	Miami Heat	URL::nba_unifaction_com() . "/MIAHeat"	
#MKEBucks	Milwaukee Bucks	URL::nba_unifaction_com() . "/MKEBucks"	
#NYKnicks	New York Knicks	URL::nba_unifaction_com() . "/NYKnicks"	
#ORLMagic	Orlando Magic	URL::nba_unifaction_com() . "/ORLMagic"	
#PHI76ers	Philadelphia 76ers	URL::nba_unifaction_com() . "/PHI76ers"	
#TORRaptors	Tonoron Raptors	URL::nba_unifaction_com() . "/TORRaptors"	
#WASWizards	Washington Wizards	URL::nba_unifaction_com() . "/WASWizards"	
NBAWesternConf	NBA Western Conference	URL::nba_unifaction_com() . "/NBAWesternConf"	
#DALMavericks	Dallas Mavericks	URL::nba_unifaction_com() . "/DALMavericks"	
#DENNuggets	Denver Nuggets	URL::nba_unifaction_com() . "/DENNuggets"	
#GSWarriors	Golden State Warriors	URL::nba_unifaction_com() . "/GSWarriors"	
#HOURockets	Houston Rockets	URL::nba_unifaction_com() . "/HOURockets"	
#LAClippers	Los Angeles Clippers	URL::nba_unifaction_com() . "/LAClippers"	
#LALakers	Los Angeles Lakers	URL::nba_unifaction_com() . "/LALakers"	
#MEMGrizzlies	Memphis Grizzlies	URL::nba_unifaction_com() . "/"MEMGrizzlies"	
#MNTimberwolves	Minnesota Timberwolves	URL::nba_unifaction_com() . "/"MNTimberwolves"	
#NOLAPelicans	New Orleans Pelicans	URL::nba_unifaction_com() . "/NOLAPelicans"	
#OKCThunder	Oklahoma City Thumder	URL::nba_unifaction_com() . "/OKCThunder"	
#PHXSuns	Phoenix Suns	URL::nba_unifaction_com() . "/PHXSuns"	
#PORTrailblazers	Portland Trailblazers	URL::nba_unifaction_com() . "/PORTrailblazers"	
#SACKings	Sacramento Kings	URL::nba_unifaction_com() . "/SACKings"	
#SASpurs	San Antonio Spurs	URL::nba_unifaction_com() . "/SASpurs"	
#UTJazz	Utah Jazz	URL::nba_unifaction_com() . "/UTJazz"	
NCAAM	NCAA Men's Basketball	URL::ncaam_unifaction_com	
AACBasketball	AAC Basketball	URL::nccam_unifaction_com() . "/AACBasketball"	
UCBearcatsBB	Cincinnati Bearcats Basketball	URL::nccam_unifaction_com() . "/UCBearcatsBB"	
UConnBB	Connecticut Huskies Basketball	URL::nccam_unifaction_com() . "/UConnBB"	
ECUPiratesBB	East Caorlina Pirates Basketball	URL::nccam_unifaction_com() . "/ECUPiratesBB"	
HOUCougarsBB	Houston Cougars Basketball	URL::nccam_unifaction_com() . "/HOUCougarsBB"	
MEMTigersBB	Memphis Tigers Basketball	URL::nccam_unifaction_com() . "/MEMTigersBB"	
SMUMustangsBB	SMU Mustangs Basketball	URL::nccam_unifaction_com() . "/SMUMustangsBB"	
USFBullsBB	South Florida Bulls Basketball	URL::nccam_unifaction_com() . "/USFBullsBB"	
TempleBB	Temple Owls Basketball	URL::nccam_unifaction_com() . "/TempleBB"	
TulaneBB	Tulane Green Wave Basketball	URL::nccam_unifaction_com() . "/TulaneBB"	
TulsaBB	Tulsa Golden Hurricanes Basketball	URL::nccam_unifaction_com() . "/TulsaBB"	
UCFKnightsBB	UCF Knights Basketball	URL::nccam_unifaction_com() . "/UCFKnightsBB"	
ACCBasketball	ACC Basketball	URL::nccam_unifaction_com() . "/ACCBasketball"	
BCEaglesBB	Boston College Eagles Basketball	URL::nccam_unifaction_com() . "/BCEaglesBB"	
ClemsonBB	Clemson Tigers Basketball	URL::nccam_unifaction_com() . "/ClemsonBB"	
DukeBB	Duke Blue Devils Basketball	URL::nccam_unifaction_com() . "/DukeBB"	
SeminoleBB	Florida State Seminoles Basketball	URL::nccam_unifaction_com() . "/SeminoleBB"	
GATechBB	Georgia Tech Yellow Jackets Basketball	URL::nccam_unifaction_com() . "/GATechBB"	
LouisvilleBB	Louisville Cardinals Basketball	URL::nccam_unifaction_com() . "/LouisvilleBB"	
UMiamiBB	Miami Hurricanes Basketball	URL::nccam_unifaction_com() . "/UMiamiBB"	
TarHeelsBB	North Carolina Tar Heels Basketball	URL::nccam_unifaction_com() . "/TarHeelsBB"	
NCStateBB	North Carolina State Wolfpack Basketball	URL::nccam_unifaction_com() . "/NCStateBB"	
NotreDameBB	Notre Dame Fighting Irish Basketball	URL::nccam_unifaction_com() . "/NotreDameBB"	
PittPantherBB	Pittsburgh Panthers Basketball	URL::nccam_unifaction_com() . "/PittPantherBB"	
SyracuseBB	Syracuse Orange Basketball	URL::nccam_unifaction_com() . "/SyracuseBB"	
UVCavaliersBB	Virginia Cavaliers Basketball	URL::nccam_unifaction_com() . "/UVCavaliersBB"	
HokiesBB	Virginia Tech Hokies Basketball	URL::nccam_unifaction_com() . "/HokiesBB"	
WakeForestBB	Wake Forest Demon Deacons Basketball	URL::nccam_unifaction_com() . "/WakeForestBB"	
AmericaEastBasketball	America East Basketball	URL::nccam_unifaction_com() . "/AmericaEast	
AlbanyBB	Albany Great Danes Basketball	URL::nccam_unifaction_com() . "/AlbanyBB"	
BinghamtonBB	Binghamton Bearcats Basketball	URL::nccam_unifaction_com() . "/BinghamtonBB"	
HartfordHawkBB	Hartford Hawks Basketball	URL::nccam_unifaction_com() . "/HartfordHawkBB"	
MaineBB	Maine Blackbears Basketball	URL::nccam_unifaction_com() . "/MaineBB"	
NHWildcatsBB	New Hampshire Wildcats Basketball	URL::nccam_unifaction_com() . "/NHWildcatsBB"	
StoneyBrookSeawolves	Stony Brook Seawolves Basketball	URL::nccam_unifaction_com() . "/StoneyBrookSeawolves"	
RiverHawksBB	UMass Lowell River Hawks Basketball	URL::nccam_unifaction_com() . "/RiverHawksBB"	
UMBCRetrieversBB	UMBC Retrievers Basketball	URL::nccam_unifaction_com() . "/UMBCRetrieversBB"	
VermontBB	Vermont Catamounts Basketball	URL::nccam_unifaction_com() . "/CatamountsBB"	
AtlanticSunBasketball	Atlantic Sun Basketball	URL::nccam_unifaction_com() . "/AtlanticSunBasketball"	
FGCEaglesBB	Florida Gulf Coast Eagles Basketball	URL::nccam_unifaction_com() . "/FGCEaglesBB"	
JacksonvilleBB	Jacksonville Dolphins Basketball	URL::nccam_unifaction_com() . "/JacksonvilleBB"	
KennesawBB	Kennesaw State Owls Basketball	URL::nccam_unifaction_com() . "/KennesawBB"	
LipscombBB	Lipscomb Bisons Basketball	URL::nccam_unifaction_com() . "/LipscombBB"	
NFloridaBB	North Florida Ospreys Basketball	URL::nccam_unifaction_com() . "/NFloridaBB"	
NKentuckyBB	Northern Kentucky Norse Basketball	URL::nccam_unifaction_com() . "/NKentuckyBB"	
StetsonBB	Stetson Hatters Basketball	URL::nccam_unifaction_com() . "/StetsonBB"	
UpstateBB	USC Upstate Spartans Basketball	URL::nccam_unifaction_com() . "/UpstateBB"	
Atlantic10Basketball	Atlantic 10 Basketball	URL::nccam_unifaction_com() . "/Atlantic10Basketball"	
DavidsonBB	Davidson Wildcats Basketball	URL::nccam_unifaction_com() . "/DavidsonBB"	
DaytonBB	Dayton Fliers Basketball	URL::nccam_unifaction_com() . "/DaytonBB"	
DuquesneBB	Duquesne Dukes Basketball	URL::nccam_unifaction_com() . "/DuquesneBB"	
FordhamBB	Fordham Rams Basketball	URL::nccam_unifaction_com() . "/FordhamBB"	
GeorgeMasonBB	George Mason Patriots Basketball	URL::nccam_unifaction_com() . "/GeorgeMasonBB"	
GeorgeWashBB	George Washington Colonials Basketball	URL::nccam_unifaction_com() . "/GeorgeWashBB"	
LaSalleBB	La Salle Explorers Basketball	URL::nccam_unifaction_com() . "/LaSalleBB"	
UMassBB	Massachusetts Minutemen Basketball	URL::nccam_unifaction_com() . "/UMassBB"	
RhodeIslandBB	Rhode Island Rams Basketball	URL::nccam_unifaction_com() . "/RhodeIslandBB"	
SpidersBB	Richmond Spiders Basketball	URL::nccam_unifaction_com() . "/SpidersBB"	
StJoeBB	Saint Joseph's Hawks Basketball	URL::nccam_unifaction_com() . "/StJoeBB"	
BillikensBB	Saint Louis Billikens Basketball	URL::nccam_unifaction_com() . "/BillikensBB"	
BonniesBB	St. Bonaventure Bonnies Basketball	URL::nccam_unifaction_com() . "/BonniesBB"	
VCURamsBB	Virginia Commonwealth Rams Basketball	URL::nccam_unifaction_com() . "/VCURamsBB"	
Big12Basketball	Big 12 Basketball	URL::nccam_unifaction_com() . "/Big12Basketball"	
BaylorBB	Baylor Bears Basketball	URL::nccam_unifaction_com() . "/BaylorBB"	
IowaStBB	Iowa State Cyclones Basketball	URL::nccam_unifaction_com() . "/IowaStBB"	
KansasBB	Kansas Jayhawks Basketball	URL::nccam_unifaction_com() . "/KansasBB"	
KStateBB	Kansas State Wildcats Basketball	URL::nccam_unifaction_com() . "/KStateBB"	
SoonersBB	Oklahoma Sooners Basketball	URL::nccam_unifaction_com() . "/SoonersBB"	
OKStateBB	Oklahoma State Cowboys Basketball	URL::nccam_unifaction_com() . "/OKStateBB"	
HornedFrogsBB	TCU Horned Frogs Basketball	URL::nccam_unifaction_com() . "/HornedFrogsBB"	
TexasBB	Texas Longhorns Basketball	URL::nccam_unifaction_com() . "/TexasBB"	
TexasTechBB	Texas Tech Red Raiders Basketball	URL::nccam_unifaction_com() . "/TexasTechBB"	
WestVirginiaBB	West Virginia Mountaineers Basketball	URL::nccam_unifaction_com() . "/WestVirginiaBB"	
BigEastBasketball	Big East Basketball	URL::nccam_unifaction_com() . "/BigEastBasketball	
ButlerBB	Butler Bulldogs Basketball	URL::nccam_unifaction_com() . "/ButlerBB"	
CreightonBB	Creighton Bluejays Basketball	URL::nccam_unifaction_com() . "/CreightonBB"	
DePaulBB	DePaul Blue Demons Basketball	URL::nccam_unifaction_com() . "/DePaulBB"	
HoyasBB	Georgetown Hoyas Basketball	URL::nccam_unifaction_com() . "/HoyasBB"	
MarquetteBB	Marquette Golden Eagles Basketball	URL::nccam_unifaction_com() . "/MarquetteBB"	
ProvidenceBB	Providence Friars Basketball	URL::nccam_unifaction_com() . "/ProvidenceBB"	
StJohnsBB	St. John's Red Storm Basketball	URL::nccam_unifaction_com() . "/StJohnsBB"	
SetonHallBB	Seton Hall Pirates Basketball	URL::nccam_unifaction_com() . "/SetonHallBB"	
VillanovaBB	Villanova Wildcats Basketball	URL::nccam_unifaction_com() . "/VillanovaBB"	
XavierBB	Xavier Musketeers Basketball	URL::nccam_unifaction_com() . "/XavierBB"	
BigSkyBasketball	Big Sky Basketball	URL::nccam_unifaction_com() . "/BigSkyBasketball	
EWEaglesBB	Eastern Washington Eagle Basketball	URL::nccam_unifaction_com() . "/EWEaglesBB"	
IdahoStBB	Idaho State Vandals Basketball	URL::nccam_unifaction_com() . "/IdahoStBB"	
MontantBB	Montana Grizzlies Basketball	URL::nccam_unifaction_com() . "/MontantBB"	
MontantStBB	Montana State Bobcats Basketball	URL::nccam_unifaction_com() . "/MontantStBB"	
NDakotaBB	North Dakota Basketball	URL::nccam_unifaction_com() . "/NDakotaBB"	
NArizonaBB	Northern Arizona Lumberjacks Basketball	URL::nccam_unifaction_com() . "/NArizonaBB"	
NColoradoBB	Northern Colorado Bears Basketball	URL::nccam_unifaction_com() . "/NColoradoBB"	
PortlandStBB	Portland State Vikings Basketball	URL::nccam_unifaction_com() . "/PortlandStBB"	
SacStBB	Sacramento State Hornets Basketball	URL::nccam_unifaction_com() . "/SacStBB"	
SUtahBB	Southern Utah Thunderbirds Basketball	URL::nccam_unifaction_com() . "/SUtahBB"	
WeberStBB	Weber State Wildcats Basketball	URL::nccam_unifaction_com() . "/WeberStBB"	
BigSouthBasketball	Big South Basketball	URL::nccam_unifaction_com() . "/BigSouthBasketball"	
CampbellBB	Campbell Fighting Camels Basketball	URL::nccam_unifaction_com() . "/CampbellBB"	
ChalestonSouthernBB	Charleston Southern Buccaneers Basketball	URL::nccam_unifaction_com() . "/ChalestonSouthernBB"	
ChanticleersBB	Coastal Carolina Chanticleers Basketball	URL::nccam_unifaction_com() . "/ChanticleersBB"	
GardnerWebbBB	Gardner-Webb Runnin' Bulldogs Basketball	URL::nccam_unifaction_com() . "/GardnerWebbBB"	
HighPointBB	High Point Panthers Basketball	URL::nccam_unifaction_com() . "/HighPointBB"	
LibertyBB	Liberty Flames Basketball	URL::nccam_unifaction_com() . "/LibertyBB"	
LongwoodBB	Longwood Lancers Basketball	URL::nccam_unifaction_com() . "/LongwoodBB"	
UNCAshevilleBB	UNC Asheville Bulldogs Basketball	URL::nccam_unifaction_com() . "/UNCAshevilleBB"	
BlueHoseBB	Presbyterian Blue Hose Basketball	URL::nccam_unifaction_com() . "/BlueHoseBB"	
RadfordBB	Radford Highlanders Basketball	URL::nccam_unifaction_com() . "/RadfordBB"	
WinthropBB	Winthrop Eagles Basketball	URL::nccam_unifaction_com() . "/WinthropBB"	
BigTenBasketball	Big Ten Basketball	URL::nccam_unifaction_com() . "/BigTenBasketball	
IllinoisBB	Illinois Fighting Illini Basketball	URL::nccam_unifaction_com() . "/IllinoisBB"	
IndianaBB	Indiana Hoosiers Basketball	URL::nccam_unifaction_com() . "/IndianaBB"	
IowaBB	Iowa Hawkeyes Basketball	URL::nccam_unifaction_com() . "/IowaBB"	
MarylandBB	Maryland Terrapins Basketball	URL::nccam_unifaction_com() . "/MarylandBB"	
MichiganBB	Michigan Wolverines Basketball	URL::nccam_unifaction_com() . "/MichiganBB"	
MichStateBB	Michigan State Spartans Basketball	URL::nccam_unifaction_com() . "/MichStateBB"	
MinnesotaBB	Minnesota Golden Gophers Basketball	URL::nccam_unifaction_com() . "MinnesotaBB"	
NebraskaBB	Nebraska Cornhuskers Basketball	URL::nccam_unifaction_com() . "/NebraskaBB"	
NWWildcatsBB	Northwester Wildcats Basketball	URL::nccam_unifaction_com() . "/NWWildcatsBB"	
OhioStBB	Ohio State Buckeyes Basketball	URL::nccam_unifaction_com() . "/OhioStBB"	
PennStateBB	Penn State Nittany Lions Basketball	URL::nccam_unifaction_com() . "/PennStateBB"	
PurdueBB	Purdue Boilermakers Basketball	URL::nccam_unifaction_com() . "/PurdueBB"	
RutgersBB	Rutgers Scarlet Knights Basketball	URL::nccam_unifaction_com() . "/RutgersBB"	
WisconsinBB	Wisconsin Badgers Basketball	URL::nccam_unifaction_com() . "/WisconsinBB"	
BigWestBasketball	Big West Basketball	URL::nccam_unifaction_com() . "/BigWestBasketball	
CalPolyBB	Cal Poly Mustangs Basketball	URL::nccam_unifaction_com() . "/CalPolyBB"	
CalStFullertonBB	Cal State Fullerton Titans Basketball	URL::nccam_unifaction_com() . "/CalStFullertonBB"	
MatadorsBB	Cal State Northridge Matadors Basketball	URL::nccam_unifaction_com() . "/MatadorsBB"	
HawaiiBB	Hawaii Rainbow Warriors Basketball	URL::nccam_unifaction_com() . "/HawaiiBB"	
CSLB49ersBB	Long Beach State 49ers Basketball	URL::nccam_unifaction_com() . "/CSLB49ersBB"	
UCDavisBB	UC Davis Aggies Basketball	URL::nccam_unifaction_com() . "/UCDavisBB"	
UCIrvineBB	UC Irvine Anteaters Basketball	URL::nccam_unifaction_com() . "/UCIrvineBB"	
UCRiversideBB	UC Riverside Highlanders Basketball	URL::nccam_unifaction_com() . "/UCRiversideBB"	
GauchosBB	UC Santa Barbara Gauchos Basketball	URL::nccam_unifaction_com() . "/GauchosBB"	
ColonialBasketball	Colonial Basketball	URL::nccam_unifaction_com() . "/ColonialBasketball"	
CharlestonBB	Charleston Cougars Basketball	URL::nccam_unifaction_com() . "/CharlestonBB"	
DelawareBB	Delaware Fightin' Blue Hens Basketball	URL::nccam_unifaction_com() . "/DelawareBB"	
DrexelBB	Drexel Dragons Basketball	URL::nccam_unifaction_com() . "/DrexelBB"	
ElonBB	Elon Phoenix Basketball	URL::nccam_unifaction_com() . "/ElonBB"	
HofstraBB	Hofstra Pride Basketball	URL::nccam_unifaction_com() . "/HofstraBB"	
JamesMadisonBB	James Madison Dukes Basketball	URL::nccam_unifaction_com() . "/JamesMadisonBB"	
NEHuskiesBB	Northeastern Huskies Basketball	URL::nccam_unifaction_com() . "/NEHuskiesBB"	
NCWilmingtonBB	North Carolina-Wilmington Seahawks Basketball	URL::nccam_unifaction_com() . "/NCWilmingtonBB"	
TowsonBB	Towson Tigers Basketball	URL::nccam_unifaction_com() . "/TowsonBB"	
TribeBB	Williams & Mary Tribe Basketball	URL::nccam_unifaction_com() . "/TribeBB"	
ConferenceUSABasketball	Conference USA Basketball	URL::nccam_unifaction_com() . "/ConferenceUSABasketball"	
Charlotte49ersBB	Charlette 49ers Basketball	URL::nccam_unifaction_com() . "/Charlotte49ersBB"	
FAUOwlsBB	Florida Atlantic Owls Basketball	URL::nccam_unifaction_com() . "/FAUOwlsBB"	
FIUPanthersBB	Florida International Panthers Basketball	URL::nccam_unifaction_com() . "/FIUPanthersBB"	
LATechBB	Louisiana Tech Bulldogs Basketball	URL::nccam_unifaction_com() . "/LATechBB"	
MarshallBB	Marshall Thundering Herd Basketball	URL::nccam_unifaction_com() . "/MarshallBB"	
BlueRaidersBB	Middle Tennessee Blue Raiders Basketball	URL::nccam_unifaction_com() . "/BlueRaidersBB"	
MeanGreenBB	North Texas Mean Green Basketball	URL::nccam_unifaction_com() . "/MeanGreenBB"	
OldDominionBB	Old Dominion Monarchs Basketball	URL::nccam_unifaction_com() . "/OldDominionBB"	
RiceBB	Rice Owls Basketball	URL::nccam_unifaction_com() . "/RiceBB"	
SouthernMissBB	Southern Miss Golden Eagles Basketball	URL::nccam_unifaction_com() . "/SouthernMissBB"	
UABBlazersBB	UAB Blazers Basketball	URL::nccam_unifaction_com() . "/UABBlazersBB"	
UTEPMinersBB	UTEP Miners Basketball	URL::nccam_unifaction_com() . "/UTEPMinersBB"	
UTSARoadrunnersBB	UTSA Roadrunners Basketball	URL::nccam_unifaction_com() . "/RoadrunnersBB"	
HilltoppersBB	Western Kentucky Hilltoppers Basketball	URL::nccam_unifaction_com() . "/HilltoppersBB"	
HorizonLeagueBasketball	Horizon League Basketball	URL::nccam_unifaction_com() . "/HorizonLeagueBasketball"	
CLEStBB	Cleveland State Vikings Basketball	URL::nccam_unifaction_com() . "/CLEStBB"	
DETTitansBB	Detroit Titans Basketball	URL::nccam_unifaction_com() . "/DETTitansBB"	
GBPhoenixBB	Green Bay Phoenix Basketball	URL::nccam_unifaction_com() . "/GBPhoenixBB"	
ILChicagoFlamesBB	Illinois-Chicago Flames Basketball	URL::nccam_unifaction_com() . "/ILChicagoFlamesBB"	
MKEPanthersBB	Milwaukee Panthers Basketball	URL::nccam_unifaction_com() . "/MKEPanthersBB"	
GoldenGrizzliesBB	Oakland Golden Grizzlies Basketball	URL::nccam_unifaction_com() . "/GoldenGrizzliesBB"	
ValparaisoBB	Valparaiso Crusaders Basketball	URL::nccam_unifaction_com() . "/ValparaisoBB"	
WrightStBB	Wright State Raiders Basketball	URL::nccam_unifaction_com() . "/WrightStBB"	
YoungstownStBB	Youngstown State Penguins Basketball	URL::nccam_unifaction_com() . "/YoungstownStBB"	
IndependentBasketball	Independent Basketball	URL::nccam_unifaction_com() . "/IndependentBasketball"	
NJITHighlandersBB	NJIT Highlanders Basketball	URL::nccam_unifaction_com() . "/NJITHighlandersBB"	
IvyLeagueBasketball	Ivy League Basketball	URL::nccam_unifaction_com() . "/IvyLeagueBasketball"	
BrownBB	Brown Bears Basketball	URL::nccam_unifaction_com() . "/BrownBB"	
ColumbiaBB	Columbia Lions Basketball	URL::nccam_unifaction_com() . "/ColumbiaBB"	
CornellBB	Cornell Big Red Basketball	URL::nccam_unifaction_com() . "/CornellBB"	
DartmouthBB	Dartmouth Big Green Basketball	URL::nccam_unifaction_com() . "/DartmouthBB"	
HarvardBB	Harvard Crimson Basketball	URL::nccam_unifaction_com() . "/HarvardBB"	
PennQuakersBB	Pennsylvania Quakers Basketball	URL::nccam_unifaction_com() . "/PennQuakersBB"	
PrincetonBB	Princeton Tigers Basketball	URL::nccam_unifaction_com() . "/PrincetonBB"	
YaleBB	Yale Bulldogs Basketball	URL::nccam_unifaction_com() . "/YaleBB"	
MAACBasketball	MAAC Basketball	URL::nccam_unifaction_com() . "/MAACBasketball"	
CanisiusBB	Canisius Golden Griffins Basketball	URL::nccam_unifaction_com() . "/CanisiusBB"	
FairfieldBB	Fairfield Stags Basketball	URL::nccam_unifaction_com() . "/FairfieldBB"	
IonaBB	Iona Gaels Basketball	URL::nccam_unifaction_com() . "/IonaBB"	
ManhattanBB	Manhattan Jaspers Basketball	URL::nccam_unifaction_com() . "/ManhattanBB"	
MaristBB	Marist Red Foxes Basketball	URL::nccam_unifaction_com() . "/MaristBB"	
MonmouthBB	Monmouth Hawks Basketball	URL::nccam_unifaction_com() . "/MonmouthBB"	
NiagaraBB	Niagara Purple Eagles Basketball	URL::nccam_unifaction_com() . "/NiagaraBB"	
QuinnipiacBB	Quinnipiac Bobcats Basketball	URL::nccam_unifaction_com() . "/QuinnipiacBB"	
RidersBB	Riders Broncs Basketball	URL::nccam_unifaction_com() . "/RidersBB"	
SienaBB	Siena Saints Basketball	URL::nccam_unifaction_com() . "/SienaBB"	
StPetersBB	St. Peter's Peacocks Basketball	URL::nccam_unifaction_com() . "/StPetersBB"	
MACBasketball	MAC Basketball	URL::nccam_unifaction_com() . "/MACBasketball"	
AkronBB	Akron Zips Basketball	URL::nccam_unifaction_com() . "/AkronBB"	
BallStBB	Ball State Cardinals Basketball	URL::nccam_unifaction_com() . "/BallStBB"	
BowlingGreenBB	Bowling Green Falcons Basketball	URL::nccam_unifaction_com() . "/BowlingGreenBB"	
BuffaloBB	Buffalo Bulls Basketball	URL::nccam_unifaction_com() . "/BuffaloBB"	
CMUChipsBB	Central Michigan Chippewas Basketball	URL::nccam_unifaction_com() . "/CMUChipsBB"	
EMUEaglesBB	Eastern Micigan Eagles Basketball	URL::nccam_unifaction_com() . "/EMUEaglesBB"	
KentStBB	Kent State Golden Flashes Basketball	URL::nccam_unifaction_com() . "/KentStBB"	
MiamiOhioBB	Miami (OH) Redhawks Basketball	URL::nccam_unifaction_com() . "/MiamiOhioBB"	
NIUHuskiesBB	Northern Illinois Huskies Basketball	URL::nccam_unifaction_com() . "/NIUHuskiesBB"	
OhioBB	Ohio Bobcats Basketball	URL::nccam_unifaction_com() . "/OhioBB"	
ToledoBB	Toledo Rockets Basketball	URL::nccam_unifaction_com() . "/ToledoBB"	
WMUBroncosBB	Western Michigan Broncos Basketball	URL::nccam_unifaction_com() . "/WMUBroncosBB"	
MEACBasketball	MEAC Basketball	URL::nccam_unifaction_com() . "/MEACBasketball"	
BethuneCookmanBB	Bethune-Cookman Wildcats Basketball	URL::nccam_unifaction_com() . "/BethuneCookmanBB"	
CoppinBB	Coppin State Eagles Basketball	URL::nccam_unifaction_com() . "/CoppinBB"	
DelawareStBB	Delaware State Hornets Basketball	URL::nccam_unifaction_com() . "/DelawareStBB"	
RattlersBB	Florida A&M Rattlers Basketball	URL::nccam_unifaction_com() . "/RattlersBB"	
HamptonBB	Hampton Pirates Basketball	URL::nccam_unifaction_com() . "/HamptonBB"	
HowardBB	Howard Bison Basketball	URL::nccam_unifaction_com() . "/HowardBB"	
ShoreHawksBB	Maryland-Eastern Shore Hawks Basketball	URL::nccam_unifaction_com() . "/ShoreHawksBB"	
MorganStBB	Morgan State Bears Basketball	URL::nccam_unifaction_com() . "/MorganStBB"	
NorfolkStBB	Norfolk State Spartans Basketball	URL::nccam_unifaction_com() . "/NorfolkStBB"	
NCATAggiesBB	North Carolina A&T Aggies Basketball	URL::nccam_unifaction_com() . "/NCATAggiesBB"	
NCCEaglesBB	North Carolina Central Eagles Basketball	URL::nccam_unifaction_com() . "/NCCEaglesBB"	
SavannahStBB	Savannah State Tigers Basketball	URL::nccam_unifaction_com() . "/SavannahStBB"	
SCStBB	South Carolina State Bulldogs Basketball	URL::nccam_unifaction_com() . "/SCStBB"	
MissouriValleyBasketball	Missouri State Basketball	URL::nccam_unifaction_com() . "/MissouriValleyBasketball"	
BradleyBB	Bradley Braves Basketball	URL::nccam_unifaction_com() . "/BradleyBB"	
DrakeBB	Drake Bulldogs Basketball	URL::nccam_unifaction_com() . "/DrakeBB"	
EvansvilleBB	Evansville Purple Aces Basketball	URL::nccam_unifaction_com() . "/EvansvilleBB"	
RedbirdsBB	Illinois State Redbirds Basketball	URL::nccam_unifaction_com() . "/RedbirdsBB"	
SycamoresBB	Indiana State Sycamores Basketball	URL::nccam_unifaction_com() . "/SycamoresBB"	
RamblersBB	Loyola (IL) Ramblers Basketball	URL::nccam_unifaction_com() . "/RamblersBB"	
MissouriStBB	Missouri State Bears Basketball	URL::nccam_unifaction_com() . "/MissouriStBB"	
NorthernIowaBB	Northern Iowa Panthers Basketball	URL::nccam_unifaction_com() . "/NorthernIowaBB"	
SalukisBB	Southern Illinois Salukis Basketball	URL::nccam_unifaction_com() . "/SalukisBB"	
ShockersBB	Wichita State Shockers Basketball	URL::nccam_unifaction_com() . "/ShockersBB"	
MountainWestBasketball	Mountain West Basketball	URL::nccam_unifaction_com() . "/MountainWestBasketball"	
AirForceBB	Air Force Falcons Basketball	URL::nccam_unifaction_com() . "/AirForceBB"	
BoiseStBB	Boise State Broncos Basketball	URL::nccam_unifaction_com() . "/BoiseStBB"	
ColoradoStBB	Colorado State Rams Basketball	URL::nccam_unifaction_com() . "/ColoradoStBB"	
FresnoBB	Fresno State Bulldogs Basketball	URL::nccam_unifaction_com() . "/FresnoBB"	
NevadaBB	Nevada Wolf Pack Basketball	URL::nccam_unifaction_com() . "/NevadaBB"	
NewMexicoBB	New Mexico Lobos Basketball	URL::nccam_unifaction_com() . "/NewMexicoBB"	
SanDiegoStBB	San Diego State Aztecs Basketball	URL::nccam_unifaction_com() . "/SanDiegoStBB"	
SanJoseStBB	San Jose State Spartans Basketball	URL::nccam_unifaction_com() . "/SanJoseStBB"	
UNLVRebelsBB	UNLV Rebels Basketball	URL::nccam_unifaction_com() . "/UNLVRebelsBB"	
UtahStBB	Utah State Aggies Basketball	URL::nccam_unifaction_com() . "/UtahStBB"	
WyomingBB	Wyoming Cowboys Basketball	URL::nccam_unifaction_com() . "/WyomingBB"	
NortheastBasketball	Northeast Basketball	URL::nccam_unifaction_com() . "/NortheastBasketball"	
BryantBB	Bryant Bulldogs Basketball	URL::nccam_unifaction_com() . "/BryantBB"	
CCSBlueDevilsBB	Central Connecticut State Blue Devils Basketball	URL::nccam_unifaction_com() . "/CCSBlueDevilsBB"	
FairleighDickinsonBB	Fairleigh Dickinson Knights Basketball	URL::nccam_unifaction_com() . "/FairleighDickinsonBB"	
BlackbirdsBB	LIU Brooklyn Blackbirds Basketball	URL::nccam_unifaction_com() . "/BlackbirdsBB"	
MountStMarysBB	Mount St. Mary's Mountaineers Basketball	URL::nccam_unifaction_com() . "/MountStMarysBB"	
RobertMorrisBB	Robert Morris Colonials Basketball	URL::nccam_unifaction_com() . "/RobertMorrisBB"	
SacredHeartBB	Sacred Heart Pioneers Basketball	URL::nccam_unifaction_com() . "/SacredHeartBB"	
StFrancisTerriersBB	St. Francis (NY) Terriers Basketball	URL::nccam_unifaction_com() . "/StFrancisTerriersBB"	
RedFlashBB	St. Francis U The Red Flash Basketball	URL::nccam_unifaction_com() . "/RedFlashBB"	
WagnerBB	Wagner Seahawks Basketball	URL::nccam_unifaction_com() . "/WagnerBB"	
OhioValleyBasketball	Ohio Valley Basketball	URL::nccam_unifaction_com() . "/OhioValleyBasketball"	
AustinPeayStBB	Austin Peay State Governors Basketball	URL::nccam_unifaction_com() . "/AustinPeayStBB"	
BelmontBB	Belmont Bruins Basketball	URL::nccam_unifaction_com() . "/BelmontBB"	
EasternIllinoisBB	Eastern Illinois Panthers Basketball	URL::nccam_unifaction_com() . "/EasternIllinoisBB"	
EasternKentuckyBB	Eastern Kentucky Colonels Basketball	URL::nccam_unifaction_com() . "/EasternKentuckyBB"	
JacksonvilleStBB	Jacksonville State Gamecocks Basketball	URL::nccam_unifaction_com() . "/JacksonvilleStBB"	
MoreheadStBB	Morehead State Eagles Basketball	URL::nccam_unifaction_com() . "/MoreheadStBB"	
MurrayStBB	Murray State Racers Basketball	URL::nccam_unifaction_com() . "/MurrayStBB"	
SEMissouriStBB	Southeast Missouri State Redhawks Basketball	URL::nccam_unifaction_com() . "/SEMissouriStBB"	
SIUEdwardsvilleBB	SIU-Edwardsville Cougars Basketball	URL::nccam_unifaction_com() . "/SIUEdwardsvilleBB"	
TNMartinBB	Tennessee-Martin Skyhawks Basketball	URL::nccam_unifaction_com() . "/TNMartinBB"	
TNStBB	Tennessee State Tigers Basketball	URL::nccam_unifaction_com() . "/TNStBB"	
TNTechBB	Tennessee Tech Golden Eagles Basketball	URL::nccam_unifaction_com() . "/TNTechBB"	
Pac12Basketball	Pac-12 Basketball	URL::nccam_unifaction_com() . "/Pac12Basketball"	
ArizonaBB	Arizona Wildcats Basketball	URL::nccam_unifaction_com() . "/ArizonaBB"	
ArizonStBB	Arizona State Sun Devils Basketball	URL::nccam_unifaction_com() . "/ArizonStBB"	
CalBearsBB	Calirfornia Bears Basketball	URL::nccam_unifaction_com() . "/CalBearsBB"	
ColoradoBB	Colorado Buffaloes Basketball	URL::nccam_unifaction_com() . "/ColoradoBB"	
OreganBB	Oregon Ducks Basketball	URL::nccam_unifaction_com() . "/OreganBB"	
OregonStBB	Oregon State Beavers Basketball	URL::nccam_unifaction_com() . "/OregonStBB"	
StanfordBB	Stanford Cardinal Basketball	URL::nccam_unifaction_com() . "/StanfordBB"	
UCLABruinsBB	UCLA Bruins Basketball	URL::nccam_unifaction_com() . "/UCLABruinsBB"	
TrojansBB	USC Trojans Basketball	URL::nccam_unifaction_com() . "/TrojansBB"	
UtahBB	Utah Utes Basketball	URL::nccam_unifaction_com() . "/UtahBB"	
WashingtonBB	Washington Huskies Basketball	URL::nccam_unifaction_com() . "/WashingtonBB"	
WashingtonStBB	Washington State Cougars Basketball	URL::nccam_unifaction_com() . "/WashingtonStBB"	
PatriotLeagueBasketball	Patriot League Basketball	URL::nccam_unifaction_com() . "/PatriotLeagueBasketball"	
AmericanBB	American University Eagles Basketball	URL::nccam_unifaction_com() . "/AmericanBB"	
ArmyBB	Army Black Knights Basketball	URL::nccam_unifaction_com() . "/ArmyBB"	
BostonUTerriersBB	Boston University Terriers Basketball	URL::nccam_unifaction_com() . "/BostonUTerriersBB"	
BucknellBB	Bucknell Bison Basketball	URL::nccam_unifaction_com() . "/BucknellBB"	
ColgateBB	Colgate Raiders Basketball	URL::nccam_unifaction_com() . "/ColgateBB"	
HolyCrossBB	Holy Cross Crusaders Basketball	URL::nccam_unifaction_com() . "/HolyCrossBB"	
LafayetteBB	Lafayette Leopards Basketball	URL::nccam_unifaction_com() . "/LafayetteBB"	
LehighBB	Lehigh Mountain Hawks Basketball	URL::nccam_unifaction_com() . "/LehighBB"	
GreyhoundsBB	Loyola (MD) Greyhounds Basketball	URL::nccam_unifaction_com() . "/GreyhoundsBB"	
NavyBB	Navy Midshipmen Basketball	URL::nccam_unifaction_com() . "/NavyBB"	
SECBasketball	SEC Basketball	URL::nccam_unifaction_com() . "/SECBasketball"	
AlabamaBB	Alabama Crimson Tide Basketball	URL::nccam_unifaction_com() . "/AlabamaBB"	
ArkansasBB	Arkansas Razorbacks Basketball	URL::nccam_unifaction_com() . "/ArkansasBB"	
AuburnBB	Auburn Tigers Basketball	URL::nccam_unifaction_com() . "/AuburnBB"	
FloridaBB	Florida Gators Basketball	URL::nccam_unifaction_com() . "/FloridaBB"	
GeorgiaBB	Georgia Bulldogs Basketball	URL::nccam_unifaction_com() . "/GeorgiaBB"	
KentuckyBB	Kentucky Wildcats Basketball	URL::nccam_unifaction_com() . "/KentuckyBB"	
LSUTigersBB	LSU Tigers Basketball	URL::nccam_unifaction_com() . "/LSUTigersBB"	
OleMissBB	Mississippi Rebels Basketball	URL::nccam_unifaction_com() . "/OleMissBB"	
MudDogsBB	Mississippi State Mud Dogs Basketball	URL::nccam_unifaction_com() . "/MudDogsBB"	
MissouriBB	Missouri Tigers Basketball	URL::nccam_unifaction_com() . "/MissouriBB"	
SouthCarolinaBB	South Carolina Gamecocks Basketball	URL::nccam_unifaction_com() . "/SouthCarolinaBB"	
TennesseeBB	Tennessee Volunteers Basketball	URL::nccam_unifaction_com() . "/TennesseeBB"	
AggiesBB	Texas A&M Aggies Basketball	URL::nccam_unifaction_com() . "/AggiesBB"	
VanderbiltBB	Vanderbilt Commodores Basketball	URL::nccam_unifaction_com() . "/VanderbiltBB"	
SouthernBasketball	Southern Basketball	URL::nccam_unifaction_com() . "/SouthernBasketball"	
ChattanoogaBB	Chattanooga Mocs Basketball	URL::nccam_unifaction_com() . "/ChattanoogaBB"	
CitadelBB	Citadel Bulldogs Basketball	URL::nccam_unifaction_com() . "/CitadelBB"	
ETennStBB	East Tennessee State Buccaneers Basketball	URL::nccam_unifaction_com() . "/ETennStBB"	
FurmanBB	Furman Paladins Basketball	URL::nccam_unifaction_com() . "/FurmanBB"	
MercerBB	Mercer Bears Basketball	URL::nccam_unifaction_com() . "/MercerBB"	
SamfordBB	Samford Bulldogs Basketball	URL::nccam_unifaction_com() . "/SamfordBB"	
UNCGreensboroBB	UNC Greensboro Spartans Basketball	URL::nccam_unifaction_com() . "/UNCGreensboroBB"	
KeydetsBB	VMI Keydets Basketball	URL::nccam_unifaction_com() . "/KeydetsBB"	
WCCatamountsBB	Western Carolina Catamounts Basketball	URL::nccam_unifaction_com() . "/WCCatamountsBB"	
WoffordBB	Wofford Terriers Basketball	URL::nccam_unifaction_com() . "/WoffordBB"	
SouthlandBasketball	Southland Basketball	URL::nccam_unifaction_com() . "/SouthlandBasketball"	
AbileneChristianBB	Abilene Christian Wildcats Basketball	URL::nccam_unifaction_com() . "/AbileneChristianBB"	
CentralArkBB	Central Arkansas Bears Basketball	URL::nccam_unifaction_com() . "/CentralArkBB"	
HoustonBaptistBB	Houston Baptist Huskies Basketball	URL::nccam_unifaction_com() . "/HoustonBaptistBB"	
IncarnateWordBB	Incarnate Word Cardinals Basketball	URL::nccam_unifaction_com() . "/IncarnateWordBB"	
LamarBB	Lamar Cardinals Basketball	URL::nccam_unifaction_com() . "/LamarBB"	
McNeeseStBB	McNeese State Cowboys Basketball	URL::nccam_unifaction_com() . "/McNeeseStBB"	
NewOrleansBB	New Orleans Privateers Basketball	URL::nccam_unifaction_com() . "/NewOrleansBB"	
NichollsStBB	Nicholls State Colonels Basketball	URL::nccam_unifaction_com() . "/NichollsStBB"	
NWStateBB	Northwestern State Demons Basketball	URL::nccam_unifaction_com() . "/NWStateBB"	
SamHoustonStBB	Sam Houston State Bearkats Basketball	URL::nccam_unifaction_com() . "/SamHoustonStBB"	
SELouisianaBB	Southeastern Louisiana Lions Basketball	URL::nccam_unifaction_com() . "/SELouisianaBB"	
SFALumberjacksBB	Stephen F. Austin Lumberjacks Basketball	URL::nccam_unifaction_com() . "/SFALumberjacksBB"	
TexasAMCCIslandersBB	Texas A&M-CC Islanders Basketball	URL::nccam_unifaction_com() . "/TexasAMCCIslandersBB"	
SWACBasketball	SWAC Basketball	URL::nccam_unifaction_com() . "/SWACBasketball"	
AlabamaAMBulldogsBB	Alabama A&M Bulldogs Basketball	URL::nccam_unifaction_com() . "/AlabamaAMBulldogsBB"	
AlabamaStBB	Alabama State Hornets Basketball	URL::nccam_unifaction_com() . "/AlabamaStBB"	
AlcornStBB	Alcorn State Braves Basketball	URL::nccam_unifaction_com() . "/AlcornStBB"	
ArkPinesBluffBB	Arkansas-Pines Bluff Golden Lions Basketball	URL::nccam_unifaction_com() . "/ArkPinesBluffBB"	
GramblingStBB	Grambling State Tigers Basketball	URL::nccam_unifaction_com() . "/GramblingStBB"	
JacksonStBB	Jackson State Tigers Basketball	URL::nccam_unifaction_com() . "/JacksonStBB"	
DeltaDevilsBB	Mississippi Valle State Delta Devils Basketball	URL::nccam_unifaction_com() . "/DeltaDevilsBB"	
PraireViewAMPanthersBB	Prairie View A&M Panthers Basketball	URL::nccam_unifaction_com() . "/PraireViewAMPanthersBB"	
SouthernBB	Southern University Jaguars Basketball	URL::nccam_unifaction_com() . "/SouthernBB"	
TexasSouthernBB	Texas Southern Tigers Basketball	URL::nccam_unifaction_com() . "/TexasSouthernBB"	
SummitLeagueBasketball	Summit League Basketball	URL::nccam_unifaction_com() . "/SummitLeagueBasketball"	
DenverBB	Denver Pioneers Basketball	URL::nccam_unifaction_com() . "/DenverBB"	
MastodonsBB	IUPU-Fort Wayne Mastodons Basketball	URL::nccam_unifaction_com() . "/MastodonsBB"	
IUPUIndianapolisBB	IUPU-Indianapolis Jaguars Basketball	URL::nccam_unifaction_com() . "/IUPUIndianapolisBB"	
NebraskaOmahaBB	Nebraska-Omaha Mavericks Basketball	URL::nccam_unifaction_com() . "/NebraskaOmahaBB"	
NDSUBisonBB	North Dakota State Bison Basketball	URL::nccam_unifaction_com() . "/NDSUBisonBB"	
OralRobertsBB	Oral Roberts Golden Eagles Basketball	URL::nccam_unifaction_com() . "/OralRobertsBB"	
SDCoyotesBB	South Dakota Coyotes Basketball	URL::nccam_unifaction_com() . "/SDCoyotesBB"	
JackrabbitsBB	South Dakota State Jackrabbits Basketball	URL::nccam_unifaction_com() . "/JackrabbitsBB"	
LeathernecksBB	Western Illinois Leathernecks Basketball	URL::nccam_unifaction_com() . "/LeathernecksBB"	
SunBeltBasketball	Sun Belt Basketball	URL::nccam_unifaction_com() . "/SunBeltBasketball"	
AppStBB	Appalachian State Mountaineers Basketball	URL::nccam_unifaction_com() . "/AppStBB"	
ArkStBB	Arkansas State Red Wolves Basketball	URL::nccam_unifaction_com() . "/ArkStBB"	
GASouthernBB	Georgia Southern Eagles Basketball	URL::nccam_unifaction_com() . "/GASouthernBB"	
GAStBB	Georgia State Panthers Basketball	URL::nccam_unifaction_com() . "/GAStBB"	
IdahoBB	Idaho Vandals Basketball	URL::nccam_unifaction_com() . "/IdahoBB"	
RaginCajunsBB	Louisiana-Lafayette Ragin' Cajuns Basketball	URL::nccam_unifaction_com() . "/RaginCajunsBB"	
WarhawksBB	Louisiana-Monroe Warhawks Basketball	URL::nccam_unifaction_com() . "/WarhawksBB"	
NMStBB	New Mexico State Aggies Basketball	URL::nccam_unifaction_com() . "/NMStBB"	
SouthAlabamaBB	South Alabama Jaguars Basketball	URL::nccam_unifaction_com() . "/SouthAlabamaBB"	
TexasStBB	Texas State Bobcats Basketball	URL::nccam_unifaction_com() . "/TexasStBB"	
TroyBB	Troy Trojans Basketball	URL::nccam_unifaction_com() . "/TroyBB"	
WestCoastBasketball	West Coast Basketball	URL::nccam_unifaction_com() . "/WestCoastBasketball"	
BYUCougarBB	Brigham Young Cougars Basketball	URL::nccam_unifaction_com() . "/BYUCougarBB"	
GonzagaBB	Gonzaga Bulldogs Basketball	URL::nccam_unifaction_com() . "/GonzagaBB"	
LoyolaMarymountBB	Loyola Marymount Lions Basketball	URL::nccam_unifaction_com() . "/LoyolaMarymountBB"	
PacificBB	Pacific Tigers Basketball	URL::nccam_unifaction_com() . "/PacificBB"	
PepperdineBB	Pepperdine Waves Basketball	URL::nccam_unifaction_com() . "/PepperdineBB"	
PortlandBB	Portland Pilots Basketball	URL::nccam_unifaction_com() . "/PortlandBB"	
StMarysBB	Saint Mary's Gaels Basketball	URL::nccam_unifaction_com() . "/StMarysBB"	
SanDiegoBB	San Diego Toreros Basketball	URL::nccam_unifaction_com() . "/SanDiegoBB"	
SanFranciscoBB	San Francisco Dons Basketball	URL::nccam_unifaction_com() . "/SanFranciscoBB"	
SantaClaraBB	Santa Clara Broncos Basketball	URL::nccam_unifaction_com() . "/SantaClaraBB"	
WACBasketball	WAC Basketball	URL::nccam_unifaction_com() . "/WACBasketball"	
CSBRoadrunnersBB	Cal State Bakersfield Roadrunners Basketball	URL::nccam_unifaction_com() . "/CSBRoadrunnersBB"	
ChicagoStBB	Chicago State Cougars Basketball	URL::nccam_unifaction_com() . "/ChicagoStBB"	
AntelopesBB	Grand Canyon Antelopes Basketball	URL::nccam_unifaction_com() . "/AntelopesBB"	
NMStAggiesBB	New Mexico State Aggies Basketball	URL::nccam_unifaction_com() . "/NMStAggiesBB"	
SeattleBB	Seattle Redhawks Basketball	URL::nccam_unifaction_com() . "/SeattleBB"	
TexasPanAmBB	Texas-Pan American Broncs Basketball	URL::nccam_unifaction_com() . "/TexasPanAmBB"	
KangaroosBB	UMKC Kangaroos Basketball	URL::nccam_unifaction_com() . "/KangaroosBB"	
UtahValleyBB	Utah Valley Wolverines Basketball	URL::nccam_unifaction_com() . "/UtahValleyBB"	
WNBA	Women's National Basketball Association	URL::wnba_unifaction_com	
WNBAEasternConf	WNBA Eastern Conference	URL::wnba_unifaction_com() . "/WNBAEasternConf"	
ATLDream	Atlanta Dream	URL::wnba_unifaction_com() . "/ATLDream"	
CHISky	Chicago Sky	URL::wnba_unifaction_com() . "/CHISky"	
INDFever	Indiana Fever	URL::wnba_unifaction_com() . "/INDFever"	
NYLiberty	New York Liberty	URL::wnba_unifaction_com() . "/NYLiberty"	
WASMystics	Washington Mystics	URL::wnba_unifaction_com() . "/WASMystics"	
WNBAWesternConf	WNBA Western Conference	URL::wnba_unifaction_com() . "/WNBAWesternConf"	
LASparks	Los Angeles Sparks	URL::wnba_unifaction_com() . "/LASparks"	
MNLynx	Minnesota Lynx	URL::wnba_unifaction_com() . "/MNLynx"	
PHXMercury	Phoenix Mercury	URL::wnba_unifaction_com() . "/PHXMercury"	
SAStars	San Antonio Stars	URL::wnba_unifaction_com() . "/SAStars"	
SEAStrom	Seattle Storm	URL::wnba_unifaction_com() . "/SEAStrom"	
TULShock	Tulsa Shock	URL::wnba_unifaction_com() . "/TULShock"	
			
CombatSports	Combat Sports	URL::combatsport_unifaction_com	
Bellator	Bellator	URL::bellator_unifaction_com	
Boxing	Boxing	URL::boxing_unifaction_com	
TNA	Total Nonstop Action Wrestling	URL::tna_unifaction_com	
UFC	Ultimate Fighting Championship	URL::ufc_unifaction_com	
WSOF	World Series of Fighting	URL::wsof_unifaction_com	
WWE	Worldwide Wrestling Entertainment	URL::wwe_unifaction_com	
			
Cricket	Cricket	URL::cricket_unifaction_com	
			
Cycling	Cycling	URL::cycling_unifaction_com	
			
Football	Football	URL::football_unifaction_com	
AFL	Arena Football League	URL::afl_unifaction_com() . "/	
AFLAmericanConf	AFL American Conference	URL::afl_unifaction_com() . "/AFLAmericanConf"	
CLEGladiators	Cleveland Gladiators	URL::afl_unifaction_com() . "/CLEGladiators"	
Barnstormers	Iowa Barnstormers	URL::afl_unifaction_com() . "/Barnstormers"	
JAXSharks	Jacksonville Sharks	URL::afl_unifaction_com() . "/JAXSharks"	
NOLAVooDoo	New Orleans VooDoo	URL::afl_unifaction_com() . "/NOLAVooDoo"	
ORLPredators	Orlando Predators	URL::afl_unifaction_com() . "/ORLPredators"	
PHISoul	Philadelphia Soul	URL::afl_unifaction_com() . "/PHISoul"	
PITTPower	Pittsburgh Power	URL::afl_unifaction_com() . "/PITTPower"	
TBStorm	Tampa Bay Storm	URL::afl_unifaction_com() . "/TBStorm"	
AFLNationalConf	AFL National Conference	URL::afl_unifaction_com() . "/AFLNationalConf"	
AZRattlers	Arizona Rattlers	URL::afl_unifaction_com() . "/AZRattlers"	
LAKiss	LA Kiss	URL::afl_unifaction_com() . "/LAKiss"	
PORThunder	Portland Thunder	URL::afl_unifaction_com() . "/PORThunder"	
SATalons	San Antonio Talons	URL::afl_unifaction_com() . "/SATalons"	
SJSabercats	San Jose Sabercats	URL::afl_unifaction_com() . "/SJSabercats"	
SPOShock	Spokane Shock	URL::afl_unifaction_com() . "/SPOShock"	
CFL	Canadian Football League	URL::cfl_unifaction_com() . "/	
CFLEast	CFL East Division	URL::cfl_unifaction_com() . "/CFLEast"	
TigerCats	Hamilton Tiger-Cats	URL::cfl_unifaction_com() . "/TigerCats"	
Alouettes	Montreal Alouettes	URL::cfl_unifaction_com() . "/Alouettes"	
Redblacks	Ottawa Redblacks	URL::cfl_unifaction_com() . "/Redblacks"	
TORArgonauts	Toronto Argonauts	URL::cfl_unifaction_com() . "/TORArgonauts"	
CFLWest	CFL West Division	URL::cfl_unifaction_com() . "/CFLWest"	
BCLions	BC Lions	URL::cfl_unifaction_com() . "/BCLions"	
Stampeders	Calgary Stampeders	URL::cfl_unifaction_com() . "/Stampeders"	
EDMEskimos	Edmonton Eskimos	URL::cfl_unifaction_com() . "/EDMEskimos"	
Roughriders	Saskatchewan Roughriders	URL::cfl_unifaction_com() . "/Roughriders"	
BlueBombers	Winnipeg Blue Bombers	URL::cfl_unifaction_com() . "/BlueBombers"	
AustralianFootball	Australian Football League	URL::aussiefootball_unifaction_com	
ADECows	Adelaide Crows	URL::aussiefootball_unifaction_com() . "/ADECows"	
BRILions	Brisbane Lions	URL::aussiefootball_unifaction_com() . "/BRILions"	
CARBlues	Carlton Blues	URL::aussiefootball_unifaction_com() . "/CARBlues"	
COLMagpies	Collingwood Magpies	URL::aussiefootball_unifaction_com() . "/COLMagpies"	
ESSBombers	Essendon Bombers	URL::aussiefootball_unifaction_com() . "/ESSBombers"	
FREDockers	Fremantle Dockers	URL::aussiefootball_unifaction_com() . "/FREDockers"	
GEECats	Geelong Cats	URL::aussiefootball_unifaction_com() . "/GEECats"	
GCSuns	Gold Coast Suns	URL::aussiefootball_unifaction_com() . "/GCSuns"	
GWSGiants	GWS Giants	URL::aussiefootball_unifaction_com() . "/GWSGiants"	
HAWHawks	Hawthorn Hawks	URL::aussiefootball_unifaction_com() . "/HAWHawks"	
MELDemons	Melbourne Demons	URL::aussiefootball_unifaction_com() . "/MELDemons"	
NMKangaroos	North Melbourne Kangaroos	URL::aussiefootball_unifaction_com() . "/NMKangaroos"	
PORPower	Port Adelaide Power	URL::aussiefootball_unifaction_com() . "/PORPower"	
RICTigers	Richmond Tigers	URL::aussiefootball_unifaction_com() . "/RICTigers"	
STKSaints	St. Kilda Saints	URL::aussiefootball_unifaction_com() . "/STKSaints"	
SYDSwans	Sydney Swans	URL::aussiefootball_unifaction_com() . "/SYDSwans"	
WCEagles	West Coast Eagles	URL::aussiefootball_unifaction_com() . "/WCEagles"	
WesternBullDogs	Western Bulldogs	URL::aussiefootball_unifaction_com() . "/WesternBullDogs"	
NCAAF	NCAA Division 1 Football	URL::ncaaf_unifaction_com	
AACFootball	AAC Football	URL::ncaaf_unifaction_com() . "/AACFootball"	
UCBearcatsFB	Cincinnati Bearcats Football	URL::ncaaf_unifaction_com() . "/UCBearcatsFB"	
UConnFB	Connecticut Huskies Football	URL::ncaaf_unifaction_com() . "/UConnFB"	
ECUPiratesFB	East Caorlina Pirates Football	URL::ncaaf_unifaction_com() . "/ECUPiratesFB"	
HOUCougarsFB	Houston Cougars Football	URL::ncaaf_unifaction_com() . "/HOUCougarsFB"	
MEMTigersFB	Memphis Tigers Football	URL::ncaaf_unifaction_com() . "/MEMTigersFB"	
SMUMustangsFB	SMU Mustangs Football	URL::ncaaf_unifaction_com() . "/SMUMustangsFB"	
USFBullsFB	South Florida Bulls Football	URL::ncaaf_unifaction_com() . "/USFBullsFB"	
TempleFB	Temple Owls Football	URL::ncaaf_unifaction_com() . "/TempleFB"	
TulaneFB	Tulane Green Wave Football	URL::ncaaf_unifaction_com() . "/TulaneFB"	
TulsaFB	Tulsa Golden Hurricanes Football	URL::ncaaf_unifaction_com() . "/TulsaFB"	
UCFKnightsFB	UCF Knights Football	URL::ncaaf_unifaction_com() . "/UCFKnightsFB"	
ACCFootball	ACC Football	URL::ncaaf_unifaction_com() . "/ACCFootball"	
BCEaglesFB	Boston College Eagles Football	URL::ncaaf_unifaction_com() . "/BCEaglesFB"	
ClemsonFB	Clemson Tigers Football	URL::ncaaf_unifaction_com() . "/ClemsonFB"	
DukeFB	Duke Blue Devils Football	URL::ncaaf_unifaction_com() . "/DukeFB"	
SeminoleFB	Florida State Seminoles Football	URL::ncaaf_unifaction_com() . "/SeminoleFB"	
GATechFB	Georgia Tech Yellow Jackets Football	URL::ncaaf_unifaction_com() . "/GATechFB"	
LouisvilleFB	Louisville Cardinals Football	URL::ncaaf_unifaction_com() . "/LouisvilleFB"	
UMiamiFB	Miami (FL) Hurricanes Football	URL::ncaaf_unifaction_com() . "/UMiamiFB"	
TarHeelsFB	North Carolina Tar Heels Football	URL::ncaaf_unifaction_com() . "/TarHeelsFB"	
NCStateFB	North Carolina State Wolfpack Football	URL::ncaaf_unifaction_com() . "/NCStateFB"	
PittPantherFB	Pittsburgh Panthers Football	URL::ncaaf_unifaction_com() . "/PittPantherFB"	
SyracuseFB	Syracuse Orange Football	URL::ncaaf_unifaction_com() . "/SyracuseFB"	
UVCavaliersFB	Virginia Cavaliers Football	URL::ncaaf_unifaction_com() . "/UVCavaliersFB"	
HokiesFB	Virginia Tech Hokies Football	URL::ncaaf_unifaction_com() . "/HokiesFB"	
WakeForestFB	Wake Forest Demon Deacons Football	URL::ncaaf_unifaction_com() . "/WakeForestFB"	
Big12Football	Big 12 Football	URL::nccam_unifaction_com() . "/Big12Football"	
BaylorFB	Baylor Bears Football	URL::ncaaf_unifaction_com() . "/BaylorFB"	
IowaStFB	Iowa State Cyclones Football	URL::ncaaf_unifaction_com() . "/IowaStFB"	
KansasFB	Kansas Jayhawks Football	URL::ncaaf_unifaction_com() . "/KansasFB"	
KStateFB	Kansas State Wildcats Football	URL::ncaaf_unifaction_com() . "/KStateFB"	
SoonersFB	Oklahoma Sooners Football	URL::ncaaf_unifaction_com() . "/SoonersFB"	
OKStateFB	Oklahoma State Cowboys Football	URL::ncaaf_unifaction_com() . "/OKStateFB"	
HornedFrogsFB	TCU Horned Frogs Football	URL::ncaaf_unifaction_com() . "/HornedFrogsFB"	
TexasFB	Texas Longhorns Football	URL::ncaaf_unifaction_com() . "/TexasFB"	
TexasTechFB	Texas Tech Red Raiders Football	URL::ncaaf_unifaction_com() . "/TexasTechFB"	
WestVirginiaFB	West Virginia Mountaineers Football	URL::ncaaf_unifaction_com() . "/WestVirginiaFB"	
BigTenFootball	Big Ten Football	URL::ncaaf_unifaction_com() . "/BigTenFootball"	
IllinoisFB	Illinois Fighting Illini Football	URL::ncaaf_unifaction_com() . "/IllinoisFB"	
IndianaFB	Indiana Hoosiers Football	URL::ncaaf_unifaction_com() . "/IndianaFB"	
IowaFB	Iowa Hawkeyes Football	URL::ncaaf_unifaction_com() . "/IowaFB"	
MarylandFB	Maryland Terrapins Football	URL::ncaaf_unifaction_com() . "/MarylandFB"	
MichiganFB	Michigan Wolverines Football	URL::ncaaf_unifaction_com() . "/MichiganFB"	
MichStateFB	Michigan State Spartans Football	URL::ncaaf_unifaction_com() . "/MichStateFB"	
MinnesotaFB	Minnesota Golden Gophers Football	URL::ncaaf_unifaction_com() . "/MinnesotaFB"	
NebraskaFB	Nebraska Cornhuskers Football	URL::ncaaf_unifaction_com() . "/NebraskaFB"	
NWWildcatsFB	Northwester Wildcats Football	URL::ncaaf_unifaction_com() . "/NWWildcatsFB"	
OhioStFB	Ohio State Buckeyes Football	URL::ncaaf_unifaction_com() . "/OhioStFB"	
PennStateFB	Penn State Nittany Lions Football	URL::ncaaf_unifaction_com() . "/PennStateFB"	
PurdueFB	Purdue Boilermakers Football	URL::ncaaf_unifaction_com() . "/PurdueFB"	
RutgersFB	Rutgers Scarlet Knights Football	URL::ncaaf_unifaction_com() . "/RutgersFB"	
WisconsinFB	Wisconsin Badgers Football	URL::ncaaf_unifaction_com() . "/WisconsinFB"	
ConferenceUSAFootball	Conference USA Football	URL::ncaaf_unifaction_com() . "/ConferenceUSAFootball"	
FAUOwlsFB	Florida Atlantic Owls Football	URL::ncaaf_unifaction_com() . "/FAUOwlsFB"	
FIUPanthersFB	Florida International Panthers Football	URL::ncaaf_unifaction_com() . "/FIUPanthersFB"	
LATechFB	Louisiana Tech Bulldogs Football	URL::ncaaf_unifaction_com() . "/LATechFB"	
MarshallFB	Marshall Thundering Herd Football	URL::ncaaf_unifaction_com() . "/MarshallFB"	
BlueRaidersFB	Middle Tennessee Blue Raiders Football	URL::ncaaf_unifaction_com() . "/BlueRaidersFB"	
MeanGreenFB	North Texas Mean Green Football	URL::ncaaf_unifaction_com() . "/MeanGreenFB"	
OldDominionFB	Old Dominion Monarchs Football	URL::ncaaf_unifaction_com() . "/OldDominionFB"	
RiceFB	Rice Owls Football	URL::ncaaf_unifaction_com() . "/RiceFB"	
SouthernMissFB	Southern Miss Golden Eagles Football	URL::ncaaf_unifaction_com() . "/SouthernMissFB"	
UABBlazersFB	UAB Blazers Football	URL::ncaaf_unifaction_com() . "/UABBlazersFB"	
UTEPMinersFB	UTEP Miners Football	URL::ncaaf_unifaction_com() . "/UTEPMinersFB"	
UTSARoadrunnersFB	UTSA Roadrunners Football	URL::ncaaf_unifaction_com() . "/UTSARoadrunnersFB"	
HilltoppersFB	Western Kentucky Hilltoppers Football	URL::ncaaf_unifaction_com() . "/HilltoppersFB"	
IndependentFootball	Independent Football	URL::ncaaf_unifaction_com() . "/IndependentFootball"	
ArmyFB	Army Black Knights Football	URL::ncaaf_unifaction_com() . "/ArmyFB"	
BYUCougarFB	Brigham Young Cougars Football	URL::ncaaf_unifaction_com() . "/BYUCougarFB"	
NavyFB	Navy Midshipmen Football	URL::ncaaf_unifaction_com() . "/NavyFB"	
NotreDameFB	Notre Dame Fighting Irish Football	URL::ncaaf_unifaction_com() . "/NotreDameFB"	
MACFootball	MAC Football	URL::ncaaf_unifaction_com() . "/MACFootball"	
AkronFB	Akron Zips Football	URL::ncaaf_unifaction_com() . "/AkronFB"	
BallStFB	Ball State Cardinals Football	URL::ncaaf_unifaction_com() . "/BallStFB"	
BowlingGreenFB	Bowling Green Falcons Football	URL::ncaaf_unifaction_com() . "/BowlingGreenFB"	
BuffaloFB	Buffalo Bulls Football	URL::ncaaf_unifaction_com() . "/BuffaloFB"	
CMUChipsFB	Central Michigan Chippewas Football	URL::ncaaf_unifaction_com() . "/CMUChipsFB"	
EMUEaglesFB	Eastern Micigan Eagles Football	URL::ncaaf_unifaction_com() . "/EMUEaglesFB"	
KentStFB	Kent State Golden Flashes Football	URL::ncaaf_unifaction_com() . "/KentStFB"	
UMassFB	Massachusetts Minutemen Football	URL::ncaaf_unifaction_com() . "/UMassFB"	
MiamiOhioFB	Miami (OH) Redhawks Football	URL::ncaaf_unifaction_com() . "/MiamiOhioFB"	
NIUHuskiesFB	Northern Illinois Huskies Football	URL::ncaaf_unifaction_com() . "/NIUHuskiesFB"	
OhioFB	Ohio Bobcats Football	URL::ncaaf_unifaction_com() . "/OhioFB"	
ToledoFB	Toledo Rockets Football	URL::ncaaf_unifaction_com() . "/ToledoFB"	
WMUBroncosFB	Western Michigan Broncos Football	URL::ncaaf_unifaction_com() . "/WMUBroncosFB"	
MountainWestFootball	Mountain West Football	URL::ncaaf_unifaction_com() . "/MountainWestFootball"	
AirForceFB	Air Force Falcons Football	URL::ncaaf_unifaction_com() . "/AirForceFB"	
BoiseStFB	Boise State Broncos Football	URL::ncaaf_unifaction_com() . "/BoiseStFB"	
ColoradoStFB	Colorado State Rams Football	URL::ncaaf_unifaction_com() . "/ColoradoStFB"	
FresnoFB	Fresno State Bulldogs Football	URL::ncaaf_unifaction_com() . "/FresnoFB"	
HawaiiFB	Hawaii Warriors Football	URL::ncaaf_unifaction_com() . "/HawaiiFB"	
NevadaFB	Nevada Wolf Pack Football	URL::ncaaf_unifaction_com() . "/NevadaFB"	
NewMexicoFB	New Mexico Lobos Football	URL::ncaaf_unifaction_com() . "/NewMexicoFB"	
SanDiegoStFB	San Diego State Aztecs Football	URL::ncaaf_unifaction_com() . "/SanDiegoStFB"	
SanJoseStFB	San Jose State Spartans Football	URL::ncaaf_unifaction_com() . "/SanJoseStFB"	
UNLVRebelsFB	UNLV Rebels Football	URL::ncaaf_unifaction_com() . "/UNLVRebelsFB"	
UtahStFB	Utah State Aggies Football	URL::ncaaf_unifaction_com() . "/UtahStFB"	
WyomingFB	Wyoming Cowboys Football	URL::ncaaf_unifaction_com() . "/WyomingFB"	
Pac12Football	Pac-12 Football	URL::ncaaf_unifaction_com() . "/Pac12Football"	
ArizonaFB	Arizona Wildcats Football	URL::ncaaf_unifaction_com() . "/ArizonaFB"	
ArizonStFB	Arizona State Sun Devils Football	URL::ncaaf_unifaction_com() . "/ArizonStFB"	
CalBearsFB	Calirfornia Bears Football	URL::ncaaf_unifaction_com() . "/CalBearsFB"	
ColoradoFB	Colorado Buffaloes Football	URL::ncaaf_unifaction_com() . "/ColoradoFB"	
OreganFB	Oregon Ducks Football	URL::ncaaf_unifaction_com() . "/OreganFB"	
OregonStFB	Oregon State Beavers Football	URL::ncaaf_unifaction_com() . "/OregonStFB"	
StanfordFB	Stanford Cardinal Football	URL::ncaaf_unifaction_com() . "/StanfordFB"	
UCLABruinsFB	UCLA Bruins Football	URL::ncaaf_unifaction_com() . "/UCLABruinsFB"	
TrojansFB	USC Trojans Football	URL::ncaaf_unifaction_com() . "/TrojansFB"	
UtahFB	Utah Utes Football	URL::ncaaf_unifaction_com() . "/UtahFB"	
WashingtonFB	Washington Huskies Football	URL::ncaaf_unifaction_com() . "/WashingtonFB"	
WashingtonStFB	Washington State Cougars Football	URL::ncaaf_unifaction_com() . "/WashingtonStFB"	
SECFootball	SEC Football	URL::ncaaf_unifaction_com() . "/SECFootball"	
AlabamaFB	Alabama Crimson Tide Football	URL::ncaaf_unifaction_com() . "/AlabamaFB"	
ArkansasFB	Arkansas Razorbacks Football	URL::ncaaf_unifaction_com() . "/ArkansasFB"	
AuburnFB	Auburn Tigers Football	URL::ncaaf_unifaction_com() . "/AuburnFB"	
FloridaFB	Florida Gators Football	URL::ncaaf_unifaction_com() . "/FloridaFB"	
GeorgiaFB	Georgia Bulldogs Football	URL::ncaaf_unifaction_com() . "/GeorgiaFB"	
KentuckyFB	Kentucky Wildcats Football	URL::ncaaf_unifaction_com() . "/KentuckyFB"	
LSUTigersFB	LSU Tigers Football	URL::ncaaf_unifaction_com() . "/LSUTigersFB"	
OleMissFB	Mississippi Rebels Football	URL::ncaaf_unifaction_com() . "/OleMissFB"	
MudDogsFB	Mississippi State Mud Dogs Football	URL::ncaaf_unifaction_com() . "/MudDogsFB"	
MissouriFB	Missouri Tigers Football	URL::ncaaf_unifaction_com() . "/MissouriFB"	
SouthCarolinaFB	South Carolina Gamecocks Football	URL::ncaaf_unifaction_com() . "/SouthCarolinaFB"	
TennesseeFB	Tennessee Volunteers Football	URL::ncaaf_unifaction_com() . "/TennesseeFB"	
AggiesFB	Texas A&M Aggies Football	URL::ncaaf_unifaction_com() . "/AggiesFB"	
VanderbiltFB	Vanderbilt Commodores Football	URL::ncaaf_unifaction_com() . "/VanderbiltFB"	
SunBeltFootball	Sun Belt Football	URL::ncaaf_unifaction_com() . "/SunBeltFootball"	
AppStFB	Appalachian State Mountaineers Football	URL::ncaaf_unifaction_com() . "/AppStFB"	
ArkStFB	Arkansas State Red Wolves Football	URL::ncaaf_unifaction_com() . "/ArkStFB"	
GASouthernFB	Georgia Southern Eagles Football	URL::ncaaf_unifaction_com() . "/GASouthernFB"	
GAStFB	Georgia State Panthers Football	URL::ncaaf_unifaction_com() . "/GAStFB"	
IdahoFB	Idaho Vandals Football	URL::ncaaf_unifaction_com() . "/IdahoFB"	
RaginCajunsFB	Louisiana-Lafayette Ragin' Cajuns Football	URL::ncaaf_unifaction_com() . "/RaginCajunsFB"	
WarhawksFB	Louisiana-Monroe Warhawks Football	URL::ncaaf_unifaction_com() . "/WarhawksFB"	
NMStFB	New Mexico State Aggies Football	URL::ncaaf_unifaction_com() . "/NMStFB"	
SouthAlabamaFB	South Alabama Jaguars Football	URL::ncaaf_unifaction_com() . "/SouthAlabamaFB"	
TexasStFB	Texas State Bobcats Football	URL::ncaaf_unifaction_com() . "/TexasStFB"	
TroyFB	Troy Trojans Football	URL::ncaaf_unifaction_com() . "/TroyFB"	
NFL	National Football League	URL::nfl_unifaction_com	
AFC	American Football Conference	URL::nfl_unifaction_com() . "/AFC"	
BALRavens	Baltimore Ravens	URL::nfl_unifaction_com() . "/BALRavens"	
BUFBills	Buffalo Bills	URL::nfl_unifaction_com() . "/BUFBills"	
CINBengals	Cincinnati Bengals	URL::nfl_unifaction_com() . "/CINBengals"	
CLEBrowns	Cleveland Browns	URL::nfl_unifaction_com() . "/CLEBrowns"	
DENBroncos	Denver Broncos	URL::nfl_unifaction_com() . "/DENBroncos"	
HOUTexans	Houston Texans	URL::nfl_unifaction_com() . "/HOUTexans"	
INDColts	Indianapolis Colts	URL::nfl_unifaction_com() . "/INDColts"	
JAXJaguars	Jacksonville Jaguars	URL::nfl_unifaction_com() . "/JAXJaguars"	
KCChiefs	Kansas City Chiefs	URL::nfl_unifaction_com() . "/KCChiefs"	
MIADolphins	Miami Dolphins	URL::nfl_unifaction_com() . "/MIADolphins"	
NEPatriots	New England Patriots	URL::nfl_unifaction_com() . "/NEPatriots"	
NYJets	New York Jets	URL::nfl_unifaction_com() . "/NYJets"	
OAKRaiders	Oakland Raiders	URL::nfl_unifaction_com() . "/OAKRaiders"	
PITTSteelers	Pittsburgh Steelers	URL::nfl_unifaction_com() . "/PITTSteelers"	
SDChargers	San Diego Chargers	URL::nfl_unifaction_com() . "/SDChargers"	
TENNTitans	Tennessee Titans	URL::nfl_unifaction_com() . "/TENNTitans"	
NFC	National Football Conference	URL::nfl_unifaction_com() . "/NFC"	
AZCardinals	Arizona Cardinals	URL::nfl_unifaction_com() . "/AZCardinals"	
ATLFalcons	Atlanta Falcons	URL::nfl_unifaction_com() . "/ATLFalcons"	
CARPanthers	Carolina Panthers	URL::nfl_unifaction_com() . "/CARPanthers"	
CHIBears	Chicago Bears	URL::nfl_unifaction_com() . "/CHIBears"	
DALCowboys	Dallas Cowboys	URL::nfl_unifaction_com() . "/DALCowboys"	
DETLions	Detroit Lions	URL::nfl_unifaction_com() . "/DETLions"	
GBPackers	Green Bay Packers	URL::nfl_unifaction_com() . "/GBPackers"	
MNVikings	Minnesota Vikings	URL::nfl_unifaction_com() . "/MNVikings"	
NOLASaints	New Orleans Saints	URL::nfl_unifaction_com() . "/NOLASaints"	
NYGiants	NY Giants	URL::nfl_unifaction_com() . "/NYGiants"	
PHIEagles	Philadelphia Eagles	URL::nfl_unifaction_com() . "/PHIEagles"	
SF49ers	San Francisco 49ers	URL::nfl_unifaction_com() . "/SF49ers"	
SEASeahawks	Seattle Seahawks	URL::nfl_unifaction_com() . "/SEASeahawks"	
STLRams	St. Louis Rams	URL::nfl_unifaction_com() . "/STLRams"	
TBBuccaneers	Tampa Bay Buccaneers	URL::nfl_unifaction_com() . "/TBBuccaneers"	
WASRedskins	Washington Redskins	URL::nfl_unifaction_com() . "/WASRedskins"	
			
Golf	Golf	URL::golf_unifaction_com	
PGA	Professional Golf Association	URL::pga_unifaction_com	

			
WPGA	Women's Professional Golf Association	URL::wpga_unifaction_com	
			
Hockey	Hockey	URL::hockey_unifaction_com	
AHL	American Hockey League	URL::ahl_unifaction_com() . "/AHL"	
AHLEasternConf	AHL Eastern Conference	URL::ahl_unifaction_com() . "/AHLEasternConf"	
AlbanyDevils	Albany Devils	URL::ahl_unifaction_com() . "/AlbanyDevils"	
BinghamptonSenators	Binghampton Senators	URL::ahl_unifaction_com() . "/BinghamptonSenators"	
BridgeportSoundTigers	Bridgeport Sound Tigers	URL::ahl_unifaction_com() . "/BridgeportSoundTigers"	
HartfordWolfPack	Hartford Wolf Pack	URL::ahl_unifaction_com() . "/HartfordWolfPack"	
HersheyBears	Hershey Bears	URL::ahl_unifaction_com() . "/HersheyBears"	
LehighValleyPhantoms	Lehigh Valley Phantoms	URL::ahl_unifaction_com() . "/LehighValleyPhantoms"	
ManchesterMonarchs	Manchester Monarchs	URL::ahl_unifaction_com() . "/ManchesterMonarchs"	
NorfolkAdmirals	Norfolk Admirals	URL::ahl_unifaction_com() . "/NorfolkAdmirals"	
PortlandPirates	Portland Pirates	URL::ahl_unifaction_com() . "/PortlandPirates"	
ProvidenceBruins	Providence Bruins	URL::ahl_unifaction_com() . "/ProvidenceBruins"	
SpringfieldFalcons	Springfield Falcons	URL::ahl_unifaction_com() . "/SpringfieldFalcons"	
StJohnsIceCaps	St. John's IceCaps	URL::ahl_unifaction_com() . "/StJohnsIceCaps"	
SyracuseCrunch	Syracuse Crunch	URL::ahl_unifaction_com() . "/SyracuseCrunch"	
WBSPenguins	Wilkes-Barre/Scranton Penguins	URL::ahl_unifaction_com() . "/WBSPenguins"	
WorcesterSharks	Worcester Sharks	URL::ahl_unifaction_com() . "/WorcesterSharks"	
AHLWesternConf	AHL Western Conference	URL::ahl_unifaction_com() . "/AHLWesternConf"	
AdirondackFlames	Adirondack Flames	URL::ahl_unifaction_com() . "/AdirondackFlames"	
CharlotteCheckers	Charlotte Checkers	URL::ahl_unifaction_com() . "/CharlotteCheckers"	
ChicagoWolves	Chicago Wolves	URL::ahl_unifaction_com() . "/ChicagoWolves"	
GRGriffins	Grand Rapids Griffins	URL::ahl_unifaction_com() . "/GRGriffins"	
HamiltonBulldogs	Hamilton Bulldogs	URL::ahl_unifaction_com() . "/HamiltonBulldogs	
IowaWild	Iowa Wild	URL::ahl_unifaction_com() . "/IowaWild"	
LakeErieMonsters	Lake Erie Monsters	URL::ahl_unifaction_com() . "/LakeErieMonsters"	
MilwaukeeAdmirals	Milwaukee Admirals	URL::ahl_unifaction_com() . "/MilwaukeeAdmirals"	
OKCBarons	Oklahoma City Barons	URL::ahl_unifaction_com() . "/OKCBarons"	
RochesterAmericans	Rochester Americans	URL::ahl_unifaction_com() . "/RochesterAmericans"	
RockfordIceHogs	Rockford IceHogs	URL::ahl_unifaction_com() . "/RockfordIceHogs"	
SanAntonioRampage	San Antonio Rampage	URL::ahl_unifaction_com() . "/SanAntonioRampage"	
TexasStars	Texas Stars	URL::ahl_unifaction_com() . "/TexasStars"	
TorontoMarlies	Toronto Marlies	URL::ahl_unifaction_com() . "/TorontoMarlies"	
UticaComets	Utica Comets	URL::ahl_unifaction_com() . "/UticaComets"	
CHL	Central Hockey League	URL::chl_unifaction_com	
CHLBerryConf	CHL Berry Conference	URL::chl_unifaction_com() . "/CHLBerryConf"	
AllenAmericans	Allen Americans	URL::chl_unifaction_com() . "/AllenAmericans"	
AZSundogs	Arizona Sundogs	URL::chl_unifaction_com() . "/AZSundogs"	
BramptonBeast	Brampton Beast	URL::chl_unifaction_com() . "/BramptonBeast"	
DenverCutthroats	Denver Cutthroats	URL::chl_unifaction_com() . "/DenverCutthroats"	
MissouriMavericks	Missouri Mavericks	URL::chl_unifaction_com() . "/MissouriMavericks"	
QuadCityMallards	Quad City Mallards	URL::chl_unifaction_com() . "/QuadCityMallards"	
RapidCityRush	Rapid City Rush	URL::chl_unifaction_com() . "/RapidCityRush"	
TulsaOilers	Tulsa Oilers	URL::chl_unifaction_com() . "/TulsaOilers"	
WichitaThunder	Wichita Thunder	URL::chl_unifaction_com() . "/WichitaThunder"	
ECHL	East Coast Hockey League	URL::echl_unifaction_com	
ECHLEasternConf	ECHL Eastern Conference	URL::echl_unifaction_com() . "/ECHLEasternConf"	
CincinnatiCyclones	Cincinnati Cyclones	URL::echl_unifaction_com() . "/CincinnatiCyclones"	
ElmiraJackals	Elmira Jackals	URL::echl_unifaction_com() . "/ElmiraJackals"	
FloridaEverblades	Florida Everblades	URL::echl_unifaction_com() . "/FloridaEverblades"	
GreenvilleRoadWarriors	Greenville Road Warriors	URL::echl_unifaction_com() . "/GreenvilleRoadWarriors"	
GwinnettGladiators	Gwinnett Gladiators	URL::echl_unifaction_com() . "/GwinnettGladiators"	
OrlandoSolarBears	Orlando Solar Bears	URL::echl_unifaction_com() . "/OrlandoSolarBears"	
ReadingRoyals	Reading Royals	URL::echl_unifaction_com() . "/ReadingRoyals"	
SouthCarolinaStingrays	South Carolina Stingrays	URL::echl_unifaction_com() . "/SouthCarolinaStingrays"	
ToledoWalleye	Toledo Walleye	URL::echl_unifaction_com() . "/ToledoWalleye"	
WheelingNailers	Wheeling Nailers	URL::echl_unifaction_com() . "/WheelingNailers"	
ECHLWesternConf	ECHL Western Conferece	URL::echl_unifaction_com() . "/ECHLWesternConf"	
AlaskaAces	Alaska Aces	URL::echl_unifaction_com() . "/AlaskaAces"	
BakersfieldCondors	Bakersfield Condors	URL::echl_unifaction_com() . "/BakersfieldCondors"	
ColoradoEagles	Colorado Eagles	URL::echl_unifaction_com() . "/ColoradoEagles"	
EvansvilleIceMen	Evansville IceMen	URL::echl_unifaction_com() . "/EvansvilleIceMen"	
FortWayneKomets	Fort Wayne Komets	URL::echl_unifaction_com() . "/FortWayneKomets"	
IdahoSteelheads	Idaho Steelheads	URL::echl_unifaction_com() . "/IdahoSteelheads"	
IndyFuel	Indy Fuel	URL::echl_unifaction_com() . "/IndyFuel"	
KalamazooWings	Kalamazoo Wings	URL::echl_unifaction_com() . "/KalamazooWings"	
OntarioReign	Ontario Reign	URL::echl_unifaction_com() . "/OntarioReign"	
StocktonThunder	Stockton Thunder	URL::echl_unifaction_com() . "/StocktonThunder"	
UtahGrizzlies	Utah Grizzlies	URL::echl_unifaction_com() . "/UtahGrizzlies"	
FHL	Federal Hockey League	URL::fhl_unifaction_com	
BerlinRiverDivers	Berlin River Divers	URL::fhl_unifaction_com() . "/BerlinRiverDivers"	
DanburyWhalers	Danbury Whalers	URL::fhl_unifaction_com() . "/DanburyWhalers"	
DanvilleDashers	Danville Dashers	URL::fhl_unifaction_com() . "/DanvilleDashers"	
DaytonDemonz	Dayton Demonz	URL::fhl_unifaction_com() . "/DaytonDemonz"	
SWPAMagic	SouthWest PA Magic	URL::fhl_unifaction_com() . "/SWPAMagic"	
WatertownWolves	Watertown Wolves	URL::fhl_unifaction_com() . "/WatertownWolves"	
NCAAH	NCAA Hockey	URL::ncaah_unifaction_com	
AtlanticHockey	Atlantic Hockey Conference	URL::ncaah_unifaction_com() . "/AtlanticHockey"	
AirForceHockey	Air Force Falcons	URL::ncaah_unifaction_com() . "/AirForceHockey"	
AmIntlHockey	American International Yellow Jackets	URL::ncaah_unifaction_com() . "/AmIntlHockey"	
ArmyHockey	Army Black Knights	URL::ncaah_unifaction_com() . "/ArmyHockey"	
BentelyHockey	Bentley Falcons	URL::ncaah_unifaction_com() . "/BentelyHockey"	
CanisiusHockey	Canisius Golden Griffins	URL::ncaah_unifaction_com() . "/CanisiusHockey"	
HolyCrossHockey	Holy Cross Crusaders	URL::ncaah_unifaction_com() . "/HolyCrossHockey"	
MercyhurstHockey	Mercyhurst Lakers	URL::ncaah_unifaction_com() . "/MercyhurstHockey"	
NiagraHockey	Niagara Purple Eagles	URL::ncaah_unifaction_com() . "/NiagraHockey"	
RobertMorrisHockey	Robert Morris Colonials	URL::ncaah_unifaction_com() . "/RobertMorrisHockey"	
RochesterTechHockey	Rochester Tech Tigers	URL::ncaah_unifaction_com() . "/RochesterTechHockey"	
SacredHeartHockey	Sacred Heart Pioneers	URL::ncaah_unifaction_com() . "/SacredHeartHockey"	
BigTenHockey	Big Ten Hockey	URL::ncaah_unifaction_com() . "/BigTenHockey"	
MichiganHockey	Michigan Wolverines	URL::ncaah_unifaction_com() . "/MichiganHockey"	
MichStateHockey	Michigan State Spartans	URL::ncaah_unifaction_com() . "/MichStateHockey"	
MinnesotaHockey	Minnesota Golden Gophers	URL::ncaah_unifaction_com() . "/MinnesotaHockey"	
OhioStHockey	Ohio State Buckeyes	URL::ncaah_unifaction_com() . "/OhioStHockey"	
PennStateHockey	Penn State Nittany Lions	URL::ncaah_unifaction_com() . "/PennStateHockey"	
WisconsinHockey	Wisconsin Badgers	URL::ncaah_unifaction_com() . "/WisconsinHockey"	
ECACHockey	Eastern College Athletic Conference Hockey	URL::ncaah_unifaction_com() . "/ECACHockey"	
BrownHockey	Brown Bears	URL::ncaah_unifaction_com() . "/BrownHockey"	
ClarksonHockey	Clarkson Golden Knights	URL::ncaah_unifaction_com() . "/ClarksonHockey"	
ColgateHockey	Colgate Raiders	URL::ncaah_unifaction_com() . "/ColgateHockey"	
CornellHockey	Cornell Big Red	URL::ncaah_unifaction_com() . "/CornellHockey"	
DartmouthHockey	Dartmouth Big Green	URL::ncaah_unifaction_com() . "/DartmouthHockey"	
HarvardHockey	Harvard Crimson	URL::ncaah_unifaction_com() . "/HarvardHockey"	
PrincetonHockey	Princeton Tigers	URL::ncaah_unifaction_com() . "/PrincetonHockey"	
QuinnipacHockey	Quinnipac Bobcats	URL::ncaah_unifaction_com() . "/QuinnipacHockey"	
RensselaerPolyHockey	Rensselaer Poly Engineers	URL::ncaah_unifaction_com() . "/RensselaerPolyHockey"	
StLawrenceHockey	St. Lawrence Saints	URL::ncaah_unifaction_com() . "/StLawrenceHockey"	
UnionHockey	Union Dutchmen	URL::ncaah_unifaction_com() . "/UnionHockey"	
YaleHockey	Yale Bulldogs	URL::ncaah_unifaction_com() . "/YaleHockey"	
HockeyEast	Hockey East Conference	URL::ncaah_unifaction_com() . "/HockeyEast"	
BCEaglesHockey	Boston College Eagles	URL::ncaah_unifaction_com() . "/BCEaglesHockey"	
BostonUHockey	Boston University Terriers	URL::ncaah_unifaction_com() . "/BostonUHockey'	
UConnHockey	Connecticut Huskies	URL::ncaah_unifaction_com() . "/UConnHockey"	
MaineHockey	Maine Black Bears	URL::ncaah_unifaction_com() . "/MaineHockey"	
UMassAmHockey	UMass-Amherst Minutemen	URL::ncaah_unifaction_com() . "/UMassAmHockey"	
UMassLowHockey	UMass-Lowell River Hawks	URL::ncaah_unifaction_com() . "/UMassLowHockey"	
NHWildcatHockey	New Hampshire Wildcats	URL::ncaah_unifaction_com() . "/NHWildcatHockey"	
NEHuskiesHockey	Northeastern Huskies	URL::ncaah_unifaction_com() . "/NEHuskiesHockey"	
NotreDameHockey	Notre Dame Fighting Irish	URL::ncaah_unifaction_com() . "/NotreDameHockey"	
ProvidenceHockey	Providence Friars	URL::ncaah_unifaction_com() . "/ProvidenceHockey"	
VermontHockey	Vermont Catamounts	URL::ncaah_unifaction_com() . "/VermontHockey'	
NCHC	National Collegiate Hockey Conference	URL::ncaah_unifaction_com() . "/NCHC"	
COCollegeHockey	Colorado College Tigers	URL::ncaah_unifaction_com() . "/COCollegeHockey"	
DenverHockey	Denver Pioneers	URL::ncaah_unifaction_com() . "/DenverHockey"	
RedHawksHockey	Miami (OH) RedHawks	URL::ncaah_unifaction_com() . "/RedHawksHockey"	
MNDuluthHockey	Minnesota-Duluth Bulldogs	URL::ncaah_unifaction_com() . "/MNDuluthHockey"	
NEBOmahaHockey	Nebraska-Omaha Mavericks	URL::ncaah_unifaction_com() . "/NEBOmahaHockey"	
NDHockey	North Dakota	URL::ncaah_unifaction_com() . "/NDHockey"	
StCloudHockey	St. Cloud Huskies	URL::ncaah_unifaction_com() . "/StCloudHockey"	
WMUBroncosHockey	Western Michigan Broncos	URL::ncaah_unifaction_com() . "/WMUBroncosHockey"	
WCHA	Western Collegiate Hockey Association	URL::ncaah_unifaction_com() . "/WCHA"	
AHChargersHockey	Alabama-Huntsville Chargers	URL::ncaah_unifaction_com() . "/AHChargersHockey"	
AASeawolvesHockey	Alaska-Anchorage Seawolves	URL::ncaah_unifaction_com() . "/AASeawolvesHockey"	
AFNanooksHockey	Alaska-Fairbanks Nanooks	URL::ncaah_unifaction_com() . "/AFNanooksHockey"	
BemidjiStHockey	Bemidji State Beavers	URL::ncaah_unifaction_com() . "/BemidjiStHockey"	
BowlingGreenHockey	Bowling Green Falcons	URL::ncaah_unifaction_com() . "/BowlingGreenHockey"	
FerrisStHockey	Ferris State Bulldogs	URL::ncaah_unifaction_com() . "/FerrisStHockey"	
LakeSuperiorHockey	Lake Superior Lakers	URL::ncaah_unifaction_com() . "/LakeSuperiorHockey"	
MichTechHockey	Michigan Tech Huskies	URL::ncaah_unifaction_com() . "/MichTechHockey"	
MNStHockey	Minnesota State Mavericks	URL::ncaah_unifaction_com() . "/MNStHockey"	
NMichHockey	Northern Michigan Wildcats	URL::ncaah_unifaction_com() . "/NMichHockey"	
NHL	National Hockey League	URL::nhl_unifaction_com	
NHLEasternConf	NHL Eastern Conference	URL::nhl_unifaction_com() . "/NHLEasternConf"	
BOSBruins	Boston Bruins	URL::nhl_unifaction_com() . "/BOSBruins"	
BUFSabres	Buffalo Sabres	URL::nhl_unifaction_com() . "/BUFSabres"	
CARHurricanes	Carolina Hurricanes	URL::nhl_unifaction_com() . "/CARHurricanes"	
COLBlueJackets	Columbus Blue Jackets	URL::nhl_unifaction_com() . "/COLBlueJackets"	
DETRedWings	Detroit Red Wings	URL::nhl_unifaction_com() . "/DETRedWings"	
FLPanthers	Florida Panthers	URL::nhl_unifaction_com() . "/FLPanthers"	
MTLCanadiens	Montreal Canadiens	URL::nhl_unifaction_com() . "/MTLCanadiens"	
NJDevils	New Jersey Devils	URL::nhl_unifaction_com() . "/NJDevils"	
NYIslanders	New York Islanders	URL::nhl_unifaction_com() . "/NYIslanders"	
NYRangers	New York Rangers	URL::nhl_unifaction_com() . "/NYRangers"	
OTTSenators	Ottawa Senators	URL::nhl_unifaction_com() . "/OTTSenators"	
PHIFlyers	Philadelphia Flyers	URL::nhl_unifaction_com() . "/PHIFlyers"	
PITTPenguins	Pittsburgh Penguins	URL::nhl_unifaction_com() . "/PITTPenguins"	
TBLightning	Tampa Bay Lightning	URL::nhl_unifaction_com() . "/TBLightning"	
TORMapleLeafs	Toronto Maple Leafs	URL::nhl_unifaction_com() . "/TORMapleLeafs"	
WASCapitals	Washington Capitals	URL::nhl_unifaction_com() . "/WASCapitals"	
NHLWesternConf	NHL Western Conference	URL::nhl_unifaction_com() . "/NHLWesternConf"	
ANADucks	Anaheim Ducks	URL::nhl_unifaction_com() . "/ANADucks"	
AZCoyotes	Arizona Coyotes	URL::nhl_unifaction_com() . "/AZCoyotes"	
CALFlames	Calgary Flames	URL::nhl_unifaction_com() . "/CALFlames"	
CHIBlackhawks	Chicago Blackhawks	URL::nhl_unifaction_com() . "/CHIBlackhawks"	
COAvalanche	Colorado Avalanche	URL::nhl_unifaction_com() . "/COAvalanche"	
DALStars	Dallas Stars	URL::nhl_unifaction_com() . "/DALStars"	
EDMOilers	Edmonton Oilers	URL::nhl_unifaction_com() . "/EDMOilers"	
LAKings	Los Angeles Kings	URL::nhl_unifaction_com() . "/LAKings"	
MNWild	Minnesota Wild	URL::nhl_unifaction_com() . "/MNWild"	
NSHPredators	Nashville Predators	URL::nhl_unifaction_com() . "/NSHPredators"	
SJSharks	San Jose Sharks	URL::nhl_unifaction_com() . "/SJSharks"	
STLBlues	St. Louis Blues	URL::nhl_unifaction_com() . "/STLBlues"	
VANCanucks	Vancouver Canucks	URL::nhl_unifaction_com() . "/VANCanucks"	
WPGJets	Winnipeg Jets	URL::nhl_unifaction_com() . "/WPGJets"	
OHL	Ontario Hockey League	URL::ohl_unifaction_com	
OHLEasternConf	OHL Eastern Conference	URL::ohl_unifaction_com() . "/OHLEasternConf"	
BarrieColts	Barrie Colts	URL::ohl_unifaction_com() . "/BarrieColts"	
BellevillBulls	Belleville Bulls	URL::ohl_unifaction_com() . "/BellevillBulls"	
KingstonFrontenacs	Kingston Frontenacs	URL::ohl_unifaction_com() . "/KingstonFrontenacs"	
MississaugaSteelheads	Mississauga Steelheads	URL::ohl_unifaction_com() . "/MississaugaSteelheads"	
NiagaraIceDogs	Niagara IceDogs	URL::ohl_unifaction_com() . "/NiagaraIceDogs"	
NorthBayBattalion	North Bay Battalion	URL::ohl_unifaction_com() . "/NorthBayBattalion"	
OshawaGenerals	Oshawa Generals	URL::ohl_unifaction_com() . "/OshawaGenerals"	
Ottawa67s	Ottawa 67's	URL::ohl_unifaction_com() . "/Ottawa67s"	
PeterboroughPetes	Peterborough Petes	URL::ohl_unifaction_com() . "/PeterboroughPetes"	
SudburyWolves	Sudbury Wolves	URL::ohl_unifaction_com() . "/SudburyWolves"	
OHLWesternConf	OHL Western Conference	URL::ohl_unifaction_com() . "/OHLWesternConf"	
ErieOttoers	Erie Ottoers	URL::ohl_unifaction_com() . "/ErieOttoers"	
GuelphStorm	Guelph Storm	URL::ohl_unifaction_com() . "/GuelphStorm"	
KitchenerRangers	Kitchener Rangers	URL::ohl_unifaction_com() . "/KitchenerRangers"	
LondonKnights	London Knights	URL::ohl_unifaction_com() . "/LondonKnights"	
OwenSoundAttack	Owen Sound Attack	URL::ohl_unifaction_com() . "/OwenSoundAttack"	
PlymouthWhalers	Plymouth Whalers	URL::ohl_unifaction_com() . "/PlymouthWhalers"	
SaginawSpirit	Saginaw Spirit	URL::ohl_unifaction_com() . "/SaginawSpirit"	
SarniaSting	Sarnia Sting	URL::ohl_unifaction_com() . "/SarniaSting"	
SaultSteMarieGreyhounds	Sault. Ste. Marie Greyhounds	URL::ohl_unifaction_com() . "/SaultSteMarieGreyhounds"	
WindsorSpitfires	Windsor Spitfires	URL::ohl_unifaction_com() . "/WindsorSpitfires"	
SPHL	Southern Professional Hockey League	URL::sphl_unifaction_com	
ColumbusCottonmouths	Columbus Cottonmouths	URL::sphl_unifaction_com() . "/ColumbusCottonmouths"	
FayettevilleFireAntz	Fayetteville FireAntz	URL::sphl_unifaction_com() . "/FayettevilleFireAntz"	
HuntsvilleHavoc	Huntsville Havoc	URL::sphl_unifaction_com() . "/HuntsvilleHavoc"	
KnoxvilleIceBears	Knoxville Ice Bears	URL::sphl_unifaction_com() . "/KnoxvilleIceBears"	
LouisianaIceGators	Louisiana IceGators	URL::sphl_unifaction_com() . "/LouisianaIceGators"	
MississippiRiverKings	Mississippi RiverKings	URL::sphl_unifaction_com() . "/MississippiRiverKings"	
PensacolaIceFlyers	Pensacola Ice Flyers	URL::sphl_unifaction_com() . "/PensacolaIceFlyers"	
PeoriaRivermen	Peoria Rivermen	URL::sphl_unifaction_com() . "/PeoriaRivermen"	
			
LaCrosse	LaCrosse	URL::lacrosse_unifaction_com	
MLL	Major Leage LaCrosse	URL::mll_unifaction_com	
BOSCannons	Boston Cannons	URL::mll_unifaction_com() . "/BOSCannons"	
CHAHounds	Charlotte Hounds	URL::mll_unifaction_com() . "/CHAHounds"	
CHSBayhawks	Chesapeake Bayhawks	URL::mll_unifaction_com() . "/CHSBayhawks"	
DENOutlaws	Denver Outlaws	URL::mll_unifaction_com() . "/DENOutlaws"	
FLLaunch	Florida Launch	URL::mll_unifaction_com() . "/FLLaunch"	
NYLizards	New York Lizards	URL::mll_unifaction_com() . "/NYLizards"	
OHMachine	Ohio Machine	URL::mll_unifaction_com() . "/OHMachine"	
RCHRattlers	Rochester Rattlers	URL::mll_unifaction_com() . "/RCHRattlers"	
NLL	National LaCross League	URL::nll_unifaction_com	
NLLEast	NLL East Division	URL::nll_unifaction_com() . "/NLLEast"	
BUFBandits	Buffalo Bandits	URL::nll_unifaction_com() . "/BUFBandits"	
MNSwarm	Minnesota Swarm	URL::nll_unifaction_com() . "/MNSwarm"	
PHIWings	Philadelphia Wings	URL::nll_unifaction_com() . "/PHIWings"	
RCHKnighthawks	Rochester Knighthawks	URL::nll_unifaction_com() . "/RCHKnighthawks"	
TORRock	Toronto Rock	URL::nll_unifaction_com() . "/TORRock"	
NLLWest	NLL West Division	URL::nll_unifaction_com() . "/NLLWest"	
CALRoughnecks	Calgary Roughnecks	URL::nll_unifaction_com() . "/CALRoughnecks"	
COMammoth	Colorado Mammoth	URL::nll_unifaction_com() . "/COMammoth"	
EDMRush	Edmonton Rush	URL::nll_unifaction_com() . "/EDMRush"	
VANStealth	Vancouver Stealth	URL::nll_unifaction_com() . "/VANStealth"	
			
Motorsports	Motorsports	URL::motorsports_unifaction_com	
			
			
			
			
Rugby	Rugby	URL::rugby_unifaction_com	
			
Soccer	Soccer	URL::soccer_unifaction_com	
Brasileirao	Brasileirao	URL::brasileirao_unifaction_com	
AtleticoMG	Atlético Mineiro	URL::brasileirao_unifaction_com() . "/AtleticoMG"	
AtleticoParanaense	Atlético Paranaense	URL::brasileirao_unifaction_com() . "/AtleticoParanaense"	
BahiaFC	Bahia	URL::brasileirao_unifaction_com() . "/BahiaFC"	
Botafogo	Botafogo	URL::brasileirao_unifaction_com() . "/Botafogo"	
Chapecoense	Chapecoense	URL::brasileirao_unifaction_com() . "/Chapecoense"	
CorinthiansTimao	Corinthians	URL::brasileirao_unifaction_com() . "/CorinthiansTimao"	
Coritiba	Coritiba	URL::brasileirao_unifaction_com() . "/Coritiba"	
CriciumaFC	Criciúma FC	URL::brasileirao_unifaction_com() . "/CriciumaFC"	
Cruzeiro	Cruzeiro	URL::brasileirao_unifaction_com() . "/Cruzeiro"	
Figueirense	Figueirense	URL::brasileirao_unifaction_com() . "/Figueirense"	
Flamengo	Flamengo	URL::brasileirao_unifaction_com() . "/Flamengo"	
Fluminense	Fluminense	URL::brasileirao_unifaction_com() . "/Fluminense"	
Goias	Goiás	URL::brasileirao_unifaction_com() . "/Goias"	
Gremio	Grêmio	URL::brasileirao_unifaction_com() . "/Gremio"	
Internacional	Internacional	URL::brasileirao_unifaction_com() . "/Internacional"	
Palmeiras	Palmeiras	URL::brasileirao_unifaction_com() . "/Palmeiras"	
SantosFC	Santos FC	URL::brasileirao_unifaction_com() . "/SantosFC"	
SaoPauloFC	São Paulo FC	URL::brasileirao_unifaction_com() . "/SaoPauloFC"	
SportFC	Sport FC	URL::brasileirao_unifaction_com() . "/SportFC"	
Vitoria	Vitória	URL::brasileirao_unifaction_com() . "/Vitoria"	
Bundesliga	Bundesliga	URL::bundesliga_unifaction_com	
1FCKoln	1. FC Köln	URL::bundesliga_unifaction_com() . "/1FCKoln"	
BayerLeverkusen	Bayer Leverkusen	URL::bundesliga_unifaction_com() . "/BayerLeverkusen"	
BayernMunich	Bayern Munich	URL::bundesliga_unifaction_com() . "/BayernMunich"	
BorussiaDortmund	Borussia Dortmund	URL::bundesliga_unifaction_com() . "/BorussiaDortmund"	
BorussiaMonchengladbach	Borussia Mönchengladbach	URL::bundesliga_unifaction_com() . "/BorussiaMonchengladbach"	
EintrachtFrankfurt	Eintracht Frankfurt	URL::bundesliga_unifaction_com() . "/EintrachtFrankfurt"	
FCAugsburg	FC Augsburg	URL::bundesliga_unifaction_com() . "/FCAugsburg"	
FSVMainz05	FSV Mainz 05	URL::bundesliga_unifaction_com() . "/FSVMainz05"	
HamburgerSV	Hamburger SV	URL::bundesliga_unifaction_com() . "/HamburgerSV"	
Hannover96	Hannover 96	URL::bundesliga_unifaction_com() . "/Hannover96"	
HerthaBSC	Hertha BSC	URL::bundesliga_unifaction_com() . "/HerthaBSC"	
SCFreiburg	SC Freiburg	URL::bundesliga_unifaction_com() . "/SCFreiburg"	
SCPaderborn07	SC Paderborn 07	URL::bundesliga_unifaction_com() . "/SCPaderborn07"	
Schalke04	Schalke 04	URL::bundesliga_unifaction_com() . "/Schalke04"	
TSG1899Hoffenheim	TSG 1899 Hoffenheim	URL::bundesliga_unifaction_com() . "/TSG1899Hoffenheim"	
VfBStuttgart	VfB Stuttgart	URL::bundesliga_unifaction_com() . "/VfBStuttgart"	
VfLWolfsburg	VfL Wolfsburg	URL::bundesliga_unifaction_com() . "/VfLWolfsburg"	
WerderBremen	Werder Bremen	URL::bundesliga_unifaction_com() . "/WerderBremen"	
Eredivisie	Eredivisie	URL::eredivisie_unifaction_com	
ADODenHaag	ADO Den Haag	URL::eredivisie_unifaction_com() . "/ADODenHaag"	
AFCAjax	AFC Ajax	URL::eredivisie_unifaction_com() . "/AFCAjax"	
AZAlkmaar	AZ Alkmaar	URL::eredivisie_unifaction_com() . "/AZAlkmaar"	
FCDordrecht	FC Dordrecht	URL::eredivisie_unifaction_com() . "/FCDordrecht"	
FCGroningen	FC Groningen	URL::eredivisie_unifaction_com() . "/FCGroningen"	
FCTwente	FC Twente	URL::eredivisie_unifaction_com() . "/FCTwente"	
FCUtrecht	FC Utrecht	URL::eredivisie_unifaction_com() . "/FCUtrecht"	
Feyenoord	Feyenoord	URL::eredivisie_unifaction_com() . "/Feyenoord"	
GoAheadEagles	Go Ahead Eagles	URL::eredivisie_unifaction_com() . "/GoAheadEagles"	
NACBreda	NAC Breda	URL::eredivisie_unifaction_com() . "/NACBreda"	
PECZwolle	PEC Zwolle	URL::eredivisie_unifaction_com() . "/PECZwolle"	
PSVEindhoven	PSV Eindhoven	URL::eredivisie_unifaction_com() . "/PSVEindhoven"	
RKCWaalwijk	RKC Waalwijk	URL::eredivisie_unifaction_com() . "/RKCWaalwijk"	
SCCambuur	SC Cambuur	URL::eredivisie_unifaction_com() . "/SCCambuur"	
SCHeerenveen	SC Heerenveen	URL::eredivisie_unifaction_com() . "/SCHeerenveen"	
SCHeraclesAlmelo	SC Heracles Almelo	URL::eredivisie_unifaction_com() . "/SCHeraclesAlmelo"	
Vitesse	Vitesse	URL::eredivisie_unifaction_com() . "/Vitesse"	
WillemIITilburg	Willem II Tilburg	URL::eredivisie_unifaction_com() . "/WillemIITilburg"	
FootballLeague	Football League Championship	URL::footballleague_unifaction_com	
AFCBournemouth	AFC Bournemouth	URL::footballleague_unifaction_com() . "/AFCBournemouth"	
BirminghamCity	Birmingham City	URL::footballleague_unifaction_com() . "/BirminghamCity"	
BlackburnRovers	Blackburn Rovers	URL::footballleague_unifaction_com() . "/BlackburnRovers"	
BlackpoolFC	Blackpool FC	URL::footballleague_unifaction_com() . "/BlackpoolFC"	
BoltonWanderers	Bolton Wanderers	URL::footballleague_unifaction_com() . "/BoltonWanderers"	
BrentfordFC	Brentford FC	URL::footballleague_unifaction_com() . "/BrentfordFC"	
BrightonHoveAlbion	Brighton & Hove Albion	URL::footballleague_unifaction_com() . "/BrightonHoveAlbion"	
CardiffCity	Cardiff City	URL::footballleague_unifaction_com() . "/CardiffCity"	
CharltonAthletic	Charlton Athletic	URL::footballleague_unifaction_com() . "/CharltonAthletic"	
DerbyCounty	Derby County	URL::footballleague_unifaction_com() . "/DerbyCounty"	
FulhamFC	Fulham FC	URL::footballleague_unifaction_com() . "/FulhamFC"	
HuddersfieldTown	Huddersfield Town	URL::footballleague_unifaction_com() . "/HuddersfieldTown"	
IpswichTown	Ipswich Town	URL::footballleague_unifaction_com() . "/IpswichTown"	
LeedsUnited	Leeds United	URL::footballleague_unifaction_com() . "/LeedsUnited"	
MiddlesbroughFC	Middlesbrough	URL::footballleague_unifaction_com() . "/MiddlesbroughFC"	
Millwall	Millwall	URL::footballleague_unifaction_com() . "/Millwall"	
NorwichCity	Norwich City	URL::footballleague_unifaction_com() . "/NorwichCity"	
NottinghamForest	Nottingham Forest	URL::footballleague_unifaction_com() . "/NottinghamForest"	
ReadingFC	Reading FC	URL::footballleague_unifaction_com() . "/ReadingFC"	
RotherhamUnited	Rotherham United	URL::footballleague_unifaction_com() . "/RotherhamUnited"	
SheffieldWednesday	Sheffield Wednesday	URL::footballleague_unifaction_com() . "/SheffieldWednesday"	
WatfordFC	Watford FC	URL::footballleague_unifaction_com() . "/WatfordFC"	
WiganAthletic	Wigan Athletic	URL::footballleague_unifaction_com() . "/WiganAthletic"	
WolverhamptonWanderers	Wolverhampton Wanderers	URL::footballleague_unifaction_com() . "/WolverhamptonWanderers"	
IntlSoccer	International Soccer	URL::intlsoccer_unifaction_com	
AlgeriaSoccer	Algeria Soccer	URL::intlsoccer_unifaction_com() . "/AlgeriaSoccer"	
ArgentinaSoccer	Argentina Soccer	URL::intlsoccer_unifaction_com() . "/ArgentinaSoccer"	
AustraliaSoccer	Australia Soccer	URL::intlsoccer_unifaction_com() . "/AustraliaSoccer"	
AustriaSoccer	Austria Soccer	URL::intlsoccer_unifaction_com() . "/AustriaSoccer"	
BelgiumSoccer	Belgium Soccer	URL::intlsoccer_unifaction_com() . "/BelgiumSoccer"	
BosniaHerzegovinaSoccer	Bosnia-Herzegovina Soccer	URL::intlsoccer_unifaction_com() . "/BosniaHerzegovinaSoccer"	
BrazilSoccer	Brazil Soccer	URL::intlsoccer_unifaction_com() . "/BrazilSoccer"	
CameroonSoccer	Cameroon Soccer	URL::intlsoccer_unifaction_com() . "/CameroonSoccer"	
ChileSoccer	Chile Soccer	URL::intlsoccer_unifaction_com() . "/ChileSoccer"	
ColombiaSoccer	Colombia Soccer	URL::intlsoccer_unifaction_com() . "/ColombiaSoccer"	
CostaRicaSoccer	Costa Rica Soccer	URL::intlsoccer_unifaction_com() . "/CostaRicaSoccer"	
CroatiaSoccer	Croatia Soccer	URL::intlsoccer_unifaction_com() . "/CroatiaSoccer"	
DenmarkSoccer	Denmark Soccer	URL::intlsoccer_unifaction_com() . "/DenmarkSoccer"	
EcuadorSoccer	Ecuador Soccer	URL::intlsoccer_unifaction_com() . "/EcuadorSoccer"	
EnglandSoccer	England Soccer	URL::intlsoccer_unifaction_com() . "/EnglandSoccer"	
FranceSoccer	France Soccer	URL::intlsoccer_unifaction_com() . "/FranceSoccer"	
GermanySoccer	Germany Soccer	URL::intlsoccer_unifaction_com() . "/GermanySoccer"	
GhanaSoccer	Ghana Soccer	URL::intlsoccer_unifaction_com() . "/GhanaSoccer"	
GreeceSoccer	Greece Soccer	URL::intlsoccer_unifaction_com() . "/GreeceSoccer"	
HondurasSoccer	Honduras Soccer	URL::intlsoccer_unifaction_com() . "/HondurasSoccer"	
IrelandSoccer	Ireland Soccer	URL::intlsoccer_unifaction_com() . "/IrelandSoccer"	
IranSoccer	Iran Soccer	URL::intlsoccer_unifaction_com() . "/IranSoccer"	
ItalySoccer	Italy Soccer	URL::intlsoccer_unifaction_com() . "/ItalySoccer"	
IvoryCoastSoccer	Ivory Coast Soccer	URL::intlsoccer_unifaction_com() . "/IvoryCoastSoccer"	
JapanSoccer	Japan Soccer	URL::intlsoccer_unifaction_com() . "/JapanSoccer"	
MexicoSoccer	Mexico Soccer	URL::intlsoccer_unifaction_com() . "/MexicoSoccer"	
NetherlandsSoccer	Netherlands Soccer	URL::intlsoccer_unifaction_com() . "/NetherlandsSoccer"	
NewZealandSoccer	New Zealand Soccer	URL::intlsoccer_unifaction_com() . "/NewZealandSoccer"	
NigeriaSoccer	Nigeria Soccer	URL::intlsoccer_unifaction_com() . "/NigeriaSoccer"	
NorthernIrelandSoccer	Northern Ireland Soccer	URL::intlsoccer_unifaction_com() . "/NorthernIrelandSoccer"	
NorthKoreaSoccer	North Korea Soccer	URL::intlsoccer_unifaction_com() . "/NorthKoreaSoccer"	
ParaguaySoccer	Paraguay Soccer	URL::intlsoccer_unifaction_com() . "/ParaguaySoccer"	
PolandSoccer	Poland Soccer	URL::intlsoccer_unifaction_com() . "/PolandSoccer"	
PortugalSoccer	Portugal Soccer	URL::intlsoccer_unifaction_com() . "/PortugalSoccer"	
RussiaSoccer	Russia Soccer	URL::intlsoccer_unifaction_com() . "/RussiaSoccer"	
ScotlandSoccer	Scotland Soccer	URL::intlsoccer_unifaction_com() . "/ScotlandSoccer"	
SerbiaSoccer	Serbia Soccer	URL::intlsoccer_unifaction_com() . "/SerbiaSoccer"	
SlovakiaSoccer	Slovakia Soccer	URL::intlsoccer_unifaction_com() . "/SlovakiaSoccer"	
SloveniaSoccer	Slovenia Soccer	URL::intlsoccer_unifaction_com() . "/SloveniaSoccer"	
SouthAfricaSoccer	South Africa Soccer	URL::intlsoccer_unifaction_com() . "/SouthAfricaSoccer"	
SouthKoreaSoccer	South Korea Soccer	URL::intlsoccer_unifaction_com() . "/SouthKoreaSoccer"	
SpainSoccer	Spain Soccer	URL::intlsoccer_unifaction_com() . "/SpainSoccer"	
SwedenSoccer	Sweden Soccer	URL::intlsoccer_unifaction_com() . "/SwedenSoccer"	
SwitzerlandSoccer	Switzerland Soccer	URL::intlsoccer_unifaction_com() . "/SwitzerlandSoccer"	
UkraineSoccer	Ukraine Soccer	URL::intlsoccer_unifaction_com() . "/UkraineSoccer"	
UnitedStatesSoccer	United States Soccer	URL::intlsoccer_unifaction_com() . "/UnitedStatesSoccer"	
UruguaySoccer	Uruguay Soccer	URL::intlsoccer_unifaction_com() . "/UruguaySoccer"	
WalesSoccer	Wales Soccer	URL::intlsoccer_unifaction_com() . "/WalesSoccer"	
LaLiga	La Liga	URL::laliga_unifaction_com	
AthleticClub	Athletic Club	URL::laliga_unifaction_com() . "/AthleticClub"	
AtléticoMadrid	Atlético Madrid	URL::laliga_unifaction_com() . "/AtléticoMadrid"	
CAOsasuna	CA Osasuna	URL::laliga_unifaction_com() . "/CAOsasuna"	
CeltadeVigo	Celta de Vigo	URL::laliga_unifaction_com() . "/CeltadeVigo"	
ElcheCF	Elche CF	URL::laliga_unifaction_com() . "/ElcheCF"	
FCBarcelona	FC Barcelona	URL::laliga_unifaction_com() . "/FCBarcelona"	
GetafeCF	Getafe CF	URL::laliga_unifaction_com() . "/GetafeCF"	
GranadaCF	Granada CF	URL::laliga_unifaction_com() . "/GranadaCF"	
LevanteUD	Levante UD	URL::laliga_unifaction_com() . "/LevanteUD"	
MalagaCF	Málaga CF	URL::laliga_unifaction_com() . "/MalagaCF"	
RayoVallecano	Rayo Vallecano	URL::laliga_unifaction_com() . "/RayoVallecano"	
RCDEspanyol	RCD Espanyol	URL::laliga_unifaction_com() . "/RCDEspanyol"	
RealBetis	Real Betis	URL::laliga_unifaction_com() . "/RealBetis"	
RealMadrid	Real Madrid	URL::laliga_unifaction_com() . "/RealMadrid"	
RealSociedad	Real Sociedad	URL::laliga_unifaction_com() . "/RealSociedad"	
RealValladolid	Real Valladolid	URL::laliga_unifaction_com() . "/RealValladolid"	
SevillaFC	Sevilla FC	URL::laliga_unifaction_com() . "/SevillaFC"	
UDAlmería	UD Almería	URL::laliga_unifaction_com() . "/UDAlmería"	
ValenciaCF	Valencia CF	URL::laliga_unifaction_com() . "/ValenciaCF"	
VillarrealCF	Villarreal CF	URL::laliga_unifaction_com() . "/VillarrealCF"	
Ligue1	Ligue 1	URL::ligue1_unifaction_com	
SCBastia	Bastia	URL::ligue1_unifaction_com() . "/SCBastia"	
FCGB	Bordeaux	URL::ligue1_unifaction_com() . "/FCGB"	
SMCaen	Caen	URL::ligue1_unifaction_com() . "/SMCaen"	
EvianTG	Evian	URL::ligue1_unifaction_com() . "/EvianTG"	
EAGuingamp	Guingamp	URL::ligue1_unifaction_com() . "/EAGuingamp"	
RCLens	Lens	URL::ligue1_unifaction_com() . "/RCLens"	
LilleOSC	Lille	URL::ligue1_unifaction_com() . "/LilleOSC"	
FCLorient	Lorient	URL::ligue1_unifaction_com() . "/FCLorient"	
OlymLyon	Lyon	URL::ligue1_unifaction_com() . "/OlymLyon"	
OlymMarseille	Marseille	URL::ligue1_unifaction_com() . "/OlymMarseille"	
FCMetz	Metz	URL::ligue1_unifaction_com() . "/FCMetz"	
ASMonaco	AS Monaco	URL::ligue1_unifaction_com() . "/ASMonaco"	
MontpellierHSC	Montpellier	URL::ligue1_unifaction_com() . "/MontpellierHSC"	
FCNantes	FCNantes	URL::ligue1_unifaction_com() . "/FCNantes"	
OGCNice	Nice	URL::ligue1_unifaction_com() . "/OGCNice"	
ParisSG	Paris Saint-Germain	URL::ligue1_unifaction_com() . "/ParisSG"	
StadeRennes	Rennes	URL::ligue1_unifaction_com() . "/StadeRennes"	
StadeReims	Reims	URL::ligue1_unifaction_com() . "/StadeReims"	
ASSaintEtienne	Saint-Étienne	URL::ligue1_unifaction_com() . "/ASSaintEtienne"	
ToulouseFC	Toulouse	URL::ligue1_unifaction_com() . "/ToulouseFC"	
MLS	Major League Soccor	URL::mls_unifaction_com	
MLSEasternConf	MLS Eastern Conference	URL::mls_unifaction_com() . "/MLSEasternConf"	
CHIFire	Chicago Fire	URL::mls_unifaction_com() . "/CHIFire"	
COLCrew	Columbus Crew	URL::mls_unifaction_com() . "/COLCrew"	
DCUnited	D.C. United	URL::mls_unifaction_com() . "/DCUnited"	
HOUDynamo	Houston Dynamo	URL::mls_unifaction_com() . "/HOUDynamo"	
MTLImpact	Montreal Impact	URL::mls_unifaction_com() . "/MTLImpact"	
NERevolution	New England Revolution	URL::mls_unifaction_com() . "/NERevolution"	
NYRedBulls	New York Red Bulls	URL::mls_unifaction_com() . "/NYRedBulls"	
PHIUnion	Philadelphia Union	URL::mls_unifaction_com() . "/PHIUnion"	
SKC	Sporting Kansas City	URL::mls_unifaction_com() . "/SKC"	
TonontoFC	Toronto FC	URL::mls_unifaction_com() . "/TonontoFC"	
MLSWesternConf	MLS Western Conference	URL::mls_unifaction_com() . "/MLSWesternConf"	
ChivasUSA	Chivas USA	URL::mls_unifaction_com() . "/ChivasUSA"	
CORapids	Colorado Rapids	URL::mls_unifaction_com() . "/CORapids"	
FCDallas	FC Dallas	URL::mls_unifaction_com() . "/FCDallas"	
LAGalaxy	LA Galaxy	URL::mls_unifaction_com() . "/LAGalaxy"	
PORTimbers	Portland Timbers	URL::mls_unifaction_com() . "/PORTimbers"	
RealSL	Real Salt Lake	URL::mls_unifaction_com() . "/RealSL"	
SJEarthquakes	San Jose Earthquakes	URL::mls_unifaction_com() . "/SJEarthquakes"	
SoundersFC	Seattle Sounders FC	URL::mls_unifaction_com() . "/SoundersFC"	
WhitecapsFC	Vancouver Whitecaps FC	URL::mls_unifaction_com() . "/WhitecapsFC"	
PremierLeague	Premier League	URL::premierleague_unifaction_com	
ArsenalFC	Arsenal	URL::premierleague_unifaction_com() . "/ArsenalFC"	
AstonFC	Aston Villa	URL::premierleague_unifaction_com() . "/AstonFC"	
BurnleyFC	Burnley	URL::premierleague_unifaction_com() . "/BurnleyFC"	
ChelseaFC	Chelsea	URL::premierleague_unifaction_com() . "/ChelseaFC"	
CrystalPalaceFC	Crystal Palace	URL::premierleague_unifaction_com() . "/CrystalPalaceFC"	
EvertonFC	Everton	URL::premierleague_unifaction_com() . "/EvertonFC"	
HullCityAFC	Hull City	URL::premierleague_unifaction_com() . "/HullCityAFC"	
LeicesterCityFC	Leicester City	URL::premierleague_unifaction_com() . "/LeicesterCityFC"	
LiverpoolFC	Liverpool	URL::premierleague_unifaction_com() . "/LiverpoolFC"	
ManchesterCityFC	Manchester City	URL::premierleague_unifaction_com() . "/ManchesterCityFC"	
ManchesterUnitedFC	Manchester United	URL::premierleague_unifaction_com() . "/ManchesterUnitedFC"	
NewcastleUnitedFC	Newcastle United	URL::premierleague_unifaction_com() . "/NewcastleUnitedFC"	
QPRangersFC	Queens Park Rangers	URL::premierleague_unifaction_com() . "/QPRangersFC"	
SouthhamptonFC	Southampton	URL::premierleague_unifaction_com() . "/SouthhamptonFC"	
StokeCityFC	Stoke City	URL::premierleague_unifaction_com() . "/StokeCityFC"	
SunderlandAFC	Sunderland	URL::premierleague_unifaction_com() . "/SunderlandAFC"	
SwanseaCityAFC	Swansea City	URL::premierleague_unifaction_com() . "/SwanseaCityAFC"	
TottenhamHotspurFC	Tottenham Hotspur	URL::premierleague_unifaction_com() . "/TottenhamHotspurFC"	
WBAlbionFC	West Bromwich Albion	URL::premierleague_unifaction_com() . "/WBAlbionFC"	
WestHamUnitedFC	West Ham United	URL::premierleague_unifaction_com() . "/WestHamUnitedFC"	
SerieA	Serie A	URL::seriea_unifaction_com	
ACMilan	AC Milan	URL::seriea_unifaction_com() . "/ACMilan"	
ASRoma	AS Roma	URL::seriea_unifaction_com() . "/ASRoma"	
Atalanta	Atalanta	URL::seriea_unifaction_com() . "/Atalanta"	
CagliariCalcio	Cagliari	URL::seriea_unifaction_com() . "/CagliariCalcio"	
ACCesena	Cesena	URL::seriea_unifaction_com() . "/ACCesena"	
ACChievoVerona	Chievo Verona	URL::seriea_unifaction_com() . "/ACChievoVerona"	
EmpoliFC	Empoli	URL::seriea_unifaction_com() . "/EmpoliFC"	
ACFFiorentina	Fiorentina	URL::seriea_unifaction_com() . "/ACFFiorentina"	
GenoaFCF	Genoa	URL::seriea_unifaction_com() . "/GenoaFCF"	
HellasVerona	Hellas Verona	URL::seriea_unifaction_com() . "/HellasVerona"	
InterMilan	Inter Milan	URL::seriea_unifaction_com() . "/InterMilan"	
JuventusFC	Juventus	URL::seriea_unifaction_com() . "/JuventusFC"	
SSLazio	Lazio	URL::seriea_unifaction_com() . "/SSLazio"	
SSNapoli	Napoli	URL::seriea_unifaction_com() . "/SSNapoli"	
USPalermo	Palermo	URL::seriea_unifaction_com() . "/USPalermo"	
ParmaFC	Parma	URL::seriea_unifaction_com() . "/ParmaFC"	
UCSampdoria	Sampdoria	URL::seriea_unifaction_com() . "/UCSampdoria"	
USSassuolo	Sassuolo	URL::seriea_unifaction_com() . "/USSassuolo"	
TorinoFC	Torino	URL::seriea_unifaction_com() . "/TorinoFC"	
UdineseCalcio	Udinese	URL::seriea_unifaction_com() . "/UdineseCalcio"	
ScottishPremiership	Scottish Premiership	URL::scottishpremiership_unifaction_com	
AberdeenFC	Aberdeen	URL::scottishpremiership_unifaction_com() . "/AberdeenFC"	
CelticFC	Celtic	URL::scottishpremiership_unifaction_com() . "/CelticFC"	
DundeeFC	Dundee	URL::scottishpremiership_unifaction_com() . "/DundeeFC"	
DundeeUnitedFC	Dundee United	URL::scottishpremiership_unifaction_com() . "/DundeeUnitedFC"	
HamiltonAcademicalFC	Hamilton Academical	URL::scottishpremiership_unifaction_com() . "/HamiltonAcademicalFC"	
MidlothianFC	Heart of Midlothian	URL::scottishpremiership_unifaction_com() . "/MidlothianFC"	
HibernianFC	Hibernian	URL::scottishpremiership_unifaction_com() . "/HibernianFC"	
CaleyThistle	Inverness Caledonian Thistle	URL::scottishpremiership_unifaction_com() . "/CaleyThistle"	
KilmarnockFC	Kilmarnock	URL::scottishpremiership_unifaction_com() . "/KilmarnockFC"	
MotherwellFC	Motherwell	URL::scottishpremiership_unifaction_com() . "/MotherwellFC"	
PartickThistleFC	Partick Thistle	URL::scottishpremiership_unifaction_com() . "/PartickThistleFC"	
RossCounty	Ross County	URL::scottishpremiership_unifaction_com() . "/RossCounty"	
StJohnstone	St. Johnstone	URL::scottishpremiership_unifaction_com() . "/StJohnstone"	
StMirren	St. Mirren	URL::scottishpremiership_unifaction_com() . "/StMirren"	
			
Tennis	Tennis	URL::tennis_unifaction_com	
Rugby	Rugby	URL::rugby_unifaction_com	
			
trackandfield	Track And Field	URL::trackandfield_unifaction_com